ID,Year_Birth,Education,Marital_Status,Income,Kidhome,Teenhome,Dt_Customer,Recency,MntWines,MntFruits,MntMeatProducts,MntFishProducts,MntSweetProducts,MntGoldProds,NumDealsPurchases,NumWebPurchases,NumCatalogPurchases,NumStorePurchases,NumWebVisitsMonth,Complain,Response,Age,Customer_Tenure_Days,Total_Spending,Total_Children,Living_With,Cluster
5524,1957,Graduate,Single,58138.0,0,0,04-09-2012,58,635,88,546,172,88,88,3,8,10,4,7,0,1,57,663,1617,0,Alone,3
2174,1954,Graduate,Single,46344.0,1,1,08-03-2014,38,11,1,6,2,1,6,2,1,1,2,5,0,0,60,113,27,2,Alone,0
4141,1965,Graduate,Together,71613.0,0,0,21-08-2013,26,426,49,127,111,21,42,1,8,2,10,4,0,0,49,312,776,0,Partner,1
6182,1984,Graduate,Together,26646.0,1,0,10-02-2014,26,11,4,20,10,3,5,2,2,0,4,6,0,0,30,139,53,1,Partner,2
5324,1981,Postgraduate,Married,58293.0,1,0,19-01-2014,94,173,43,118,46,27,15,5,5,3,6,5,0,0,33,161,422,1,Partner,2
7446,1967,Postgraduate,Together,62513.0,0,1,09-09-2013,16,520,42,98,0,42,14,2,6,4,10,6,0,0,47,293,716,1,Partner,1
965,1971,Graduate,Divorced,55635.0,0,1,13-11-2012,34,235,65,164,50,49,27,4,7,3,7,6,0,0,43,593,590,1,Alone,3
6177,1985,Postgraduate,Married,33454.0,1,0,08-05-2013,32,76,10,56,3,1,23,2,4,0,4,8,0,0,29,417,169,1,Partner,2
4855,1974,Postgraduate,Together,30351.0,1,0,06-06-2013,19,14,0,24,3,3,2,1,3,0,2,9,0,1,40,388,46,1,Partner,2
5899,1950,Postgraduate,Together,5648.0,1,1,13-03-2014,68,28,0,6,1,1,13,1,1,0,0,20,0,0,64,108,49,2,Partner,2
1994,1983,Graduate,Married,51381.5,1,0,15-11-2013,11,5,5,6,0,2,1,1,1,0,2,7,0,0,31,226,19,1,Partner,2
387,1976,Undergraduate,Married,7500.0,0,0,13-11-2012,59,6,16,11,11,1,16,1,2,0,3,8,0,0,38,593,61,0,Partner,2
2125,1959,Graduate,Divorced,63033.0,0,0,15-11-2013,82,194,61,480,225,112,30,1,3,4,8,2,0,0,55,226,1102,0,Alone,3
8180,1952,Postgraduate,Divorced,59354.0,1,1,15-11-2013,53,233,2,53,3,5,14,3,6,1,5,6,0,0,62,226,310,2,Alone,0
2569,1987,Graduate,Married,17323.0,0,0,10-10-2012,38,3,14,17,6,1,5,1,1,0,3,8,0,0,27,627,46,0,Partner,2
2114,1946,Postgraduate,Single,82800.0,0,0,24-11-2012,23,1006,22,115,59,68,45,1,7,6,12,3,0,1,68,582,1315,0,Alone,3
9736,1980,Graduate,Married,41850.0,1,1,24-12-2012,51,53,5,19,2,13,4,3,3,0,3,8,0,0,34,552,96,2,Partner,2
4939,1946,Graduate,Together,37760.0,0,0,31-08-2012,20,84,5,38,150,12,28,2,4,1,6,7,0,0,68,667,317,0,Partner,2
6565,1949,Postgraduate,Married,76995.0,0,1,28-03-2013,91,1012,80,498,0,16,176,2,11,4,9,5,0,0,65,458,1782,1,Partner,1
2278,1985,Undergraduate,Single,33812.0,1,0,03-11-2012,86,4,17,19,30,24,39,2,2,1,3,6,0,0,29,603,133,1,Alone,0
9360,1982,Graduate,Married,37040.0,0,0,08-08-2012,41,86,2,73,69,38,48,1,4,2,5,8,0,0,32,690,316,0,Partner,2
5376,1979,Graduate,Married,2447.0,1,0,06-01-2013,42,1,1,1725,1,1,1,15,0,28,0,1,0,0,35,539,1730,1,Partner,1
1993,1949,Postgraduate,Married,58607.0,0,1,23-12-2012,63,867,0,86,0,0,19,3,2,3,9,8,0,0,65,553,972,1,Partner,1
4047,1954,Postgraduate,Married,65324.0,0,1,11-01-2014,0,384,0,102,21,32,5,3,6,2,9,4,0,0,60,169,544,1,Partner,1
1409,1951,Graduate,Together,40689.0,0,1,18-03-2013,69,270,3,27,39,6,99,7,7,1,5,8,0,0,63,468,444,1,Partner,2
7892,1969,Graduate,Single,18589.0,0,0,02-01-2013,89,6,4,25,15,12,13,2,2,1,3,7,0,0,45,543,75,0,Alone,0
2404,1976,Graduate,Married,53359.0,1,1,27-05-2013,4,173,4,30,3,6,41,4,5,1,4,7,0,0,38,398,257,2,Partner,2
5255,1986,Graduate,Single,51381.5,1,0,20-02-2013,19,5,1,3,3,263,362,0,27,0,0,1,0,0,28,494,637,1,Alone,3
9422,1989,Graduate,Married,38360.0,1,0,31-05-2013,26,36,2,42,20,21,10,2,2,1,4,3,0,0,25,394,131,1,Partner,2
1966,1965,Postgraduate,Married,84618.0,0,0,22-11-2013,96,684,100,801,21,66,0,1,6,9,10,2,0,0,49,219,1672,0,Partner,1
6864,1989,Postgraduate,Divorced,10979.0,0,0,22-05-2014,34,8,4,10,2,2,4,2,3,0,3,5,0,0,25,38,30,0,Alone,0
3033,1963,Postgraduate,Together,38620.0,0,0,11-05-2013,56,112,17,44,34,22,89,1,2,5,3,3,0,0,51,414,318,0,Partner,2
5710,1970,Graduate,Together,40548.0,0,1,10-10-2012,31,110,0,5,2,0,3,2,2,1,4,5,0,0,44,627,120,1,Partner,2
7373,1952,Postgraduate,Divorced,46610.0,0,2,29-10-2012,8,96,12,96,33,22,43,6,4,1,6,6,0,1,62,608,302,2,Alone,0
8755,1946,Postgraduate,Married,68657.0,0,0,20-02-2013,4,482,34,471,119,68,22,1,3,5,9,7,0,0,68,494,1196,0,Partner,1
10738,1951,Postgraduate,Single,49389.0,1,1,29-08-2013,55,40,0,19,2,1,3,1,2,0,3,7,0,0,63,304,65,2,Alone,0
4339,1970,Postgraduate,Married,67353.0,0,1,31-12-2013,37,702,17,151,0,8,35,5,5,6,12,2,0,0,44,180,913,1,Partner,1
10755,1976,Undergraduate,Married,23718.0,1,0,02-09-2013,76,6,3,14,15,7,36,3,3,1,2,7,0,0,38,300,81,1,Partner,2
8595,1973,Graduate,Widow,42429.0,0,1,11-02-2014,99,55,0,6,2,0,4,2,1,1,3,5,0,0,41,138,67,1,Alone,0
2968,1943,Postgraduate,Divorced,48948.0,0,0,01-02-2013,53,437,8,206,160,49,42,2,7,10,5,6,0,1,71,513,902,0,Alone,3
8601,1980,Graduate,Married,80011.0,0,1,29-04-2013,3,421,76,536,82,178,102,2,8,6,5,4,0,0,34,426,1395,1,Partner,1
503,1985,Postgraduate,Married,20559.0,1,0,12-03-2013,88,13,1,29,3,0,7,2,2,0,3,8,0,0,29,474,53,1,Partner,2
8430,1957,Graduate,Together,21994.0,0,1,24-12-2012,4,9,0,6,3,1,3,1,0,0,3,5,0,0,57,552,22,1,Partner,2
7281,1959,Postgraduate,Single,51381.5,0,0,05-11-2013,80,81,11,50,3,2,39,1,1,3,4,2,0,0,55,236,186,0,Alone,0
2139,1975,Postgraduate,Married,7500.0,1,0,02-10-2013,19,3,1,10,3,2,12,3,2,0,3,5,0,0,39,270,31,1,Partner,2
1371,1976,Graduate,Single,79941.0,0,0,28-06-2014,72,123,164,266,227,30,174,1,2,4,9,1,0,0,38,1,984,0,Alone,3
9909,1996,Undergraduate,Married,7500.0,0,0,09-11-2012,24,3,18,14,15,22,50,3,3,1,3,9,0,1,18,597,122,0,Partner,2
7286,1968,Graduate,Together,41728.0,1,0,24-05-2013,92,13,6,15,3,5,13,1,2,0,2,10,0,0,46,401,55,1,Partner,2
7244,1951,Graduate,Single,51381.5,2,1,01-01-2014,96,48,5,48,6,10,7,3,2,1,4,6,0,0,63,179,124,3,Alone,0
6566,1954,Postgraduate,Married,72550.0,1,1,08-11-2012,39,826,50,317,50,38,38,9,5,2,12,8,0,0,60,598,1319,2,Partner,1
8614,1957,Graduate,Widow,65486.0,0,1,12-05-2014,29,245,19,125,37,67,14,1,4,2,10,2,0,0,57,48,507,1,Alone,3
4114,1964,Postgraduate,Married,79143.0,0,0,11-08-2012,2,650,37,780,27,167,32,1,6,9,13,3,0,0,50,687,1693,0,Partner,1
1331,1977,Graduate,Single,35790.0,1,0,02-01-2013,54,12,6,20,30,1,3,2,2,0,3,7,0,0,37,543,72,1,Alone,0
2225,1977,Graduate,Divorced,82582.0,0,0,07-06-2014,54,510,120,550,156,40,241,1,4,9,7,1,0,1,37,22,1617,0,Alone,3
9381,1978,Graduate,Married,66373.0,1,1,12-06-2013,57,328,9,124,12,24,109,7,4,2,10,3,0,0,36,382,606,2,Partner,1
6260,1955,Postgraduate,Together,82384.0,0,0,19-11-2012,55,984,51,432,180,120,190,1,3,10,13,1,0,1,59,587,1957,0,Partner,1
10383,1966,Graduate,Divorced,70287.0,0,0,02-04-2013,30,295,35,482,121,120,40,1,5,5,10,3,0,1,48,453,1093,0,Alone,3
7437,1988,Graduate,Single,27938.0,1,0,28-04-2014,31,13,0,8,2,1,5,1,1,0,4,3,0,0,26,62,29,1,Alone,0
8557,1982,Graduate,Single,51381.5,1,0,17-06-2013,57,11,3,22,2,2,6,2,2,0,3,6,0,0,32,377,46,1,Alone,0
8375,1968,Postgraduate,Married,55954.0,0,1,03-03-2014,63,447,0,28,0,0,43,3,8,2,6,7,0,0,46,118,518,1,Partner,2
6853,1982,Postgraduate,Single,75777.0,0,0,04-07-2013,12,712,26,538,69,13,80,1,3,6,11,1,0,1,32,360,1438,0,Alone,3
3076,1975,Graduate,Together,66653.0,1,1,07-09-2012,18,452,18,102,16,18,6,4,4,2,12,3,0,0,39,660,612,2,Partner,1
1012,1952,Graduate,Single,61823.0,0,1,18-02-2013,26,523,7,134,37,14,169,4,8,2,10,7,0,0,62,496,884,1,Alone,3
6518,1951,Postgraduate,Widow,67680.0,0,1,11-06-2013,8,546,0,48,0,6,6,1,7,3,8,5,0,0,63,383,606,1,Alone,3
4137,1948,Graduate,Together,70666.0,0,0,06-12-2013,29,398,40,367,119,122,30,1,7,4,4,4,0,0,66,205,1076,0,Partner,1
8082,1971,Graduate,Married,25721.0,1,0,21-05-2013,75,1,3,6,3,6,15,1,1,1,2,7,0,1,43,404,34,1,Partner,2
1386,1967,Graduate,Together,32474.0,1,1,11-05-2014,0,10,0,1,0,0,0,1,1,0,2,7,0,0,47,49,11,2,Partner,2
9369,1979,Undergraduate,Single,88194.0,0,1,19-03-2014,19,688,14,309,201,24,38,1,11,10,10,5,0,1,35,102,1274,1,Alone,3
4477,1958,Graduate,Together,69096.0,0,1,27-09-2013,4,247,49,159,7,82,109,1,5,2,10,4,0,0,56,275,653,1,Partner,1
1357,1970,Graduate,Together,74854.0,1,2,08-04-2013,90,856,59,487,58,29,73,7,2,5,5,5,0,0,44,447,1562,3,Partner,1
1402,1954,Postgraduate,Married,66991.0,0,0,11-09-2012,1,496,36,460,189,60,12,3,4,8,6,3,0,0,60,656,1253,0,Partner,1
10629,1973,Undergraduate,Married,51381.5,1,0,14-09-2012,25,25,3,43,17,4,17,3,3,0,3,8,0,0,41,653,109,1,Partner,2
6312,1959,Graduate,Married,65031.0,0,1,17-03-2013,29,258,107,291,84,37,86,4,10,3,13,7,0,0,55,469,863,1,Partner,1
8132,1975,Postgraduate,Married,60631.0,1,1,05-04-2013,88,565,6,65,0,6,19,5,9,2,8,7,0,0,39,450,661,2,Partner,2
1050,1952,Graduate,Married,28332.0,0,0,30-04-2014,58,14,10,13,4,15,9,1,2,1,4,2,0,0,62,60,65,0,Partner,2
5846,1977,Graduate,Divorced,40246.0,1,0,19-12-2012,68,2,1,6,2,1,1,1,1,0,2,6,0,0,37,557,13,1,Alone,0
1859,1972,Postgraduate,Married,75251.0,0,0,27-08-2012,34,721,111,925,97,18,18,1,7,6,5,5,0,1,42,671,1890,0,Partner,1
7503,1976,Graduate,Single,75825.0,0,0,12-10-2012,40,1032,105,779,137,105,51,0,5,8,9,4,0,1,38,625,2209,0,Alone,3
10401,1976,Undergraduate,Together,26326.0,0,0,04-09-2013,12,1,0,5,0,3,9,1,0,0,3,3,1,0,38,298,18,0,Partner,2
1618,1965,Graduate,Together,56046.0,0,0,02-01-2013,9,577,0,64,0,0,51,2,10,1,8,8,0,1,49,543,692,0,Partner,1
3332,1985,Graduate,Single,29760.0,1,0,29-08-2012,87,64,4,68,7,5,17,4,3,1,4,8,0,0,29,669,165,1,Alone,0
2261,1969,Graduate,Married,26304.0,1,0,23-06-2013,5,4,1,5,2,0,4,1,1,0,2,7,0,0,45,371,16,1,Partner,2
5346,1973,Undergraduate,Married,23559.0,1,0,03-07-2013,87,25,5,19,7,0,23,3,3,0,3,7,0,0,41,361,79,1,Partner,2
4119,1963,Postgraduate,Together,38620.0,0,0,11-05-2013,56,112,17,44,34,22,89,1,2,5,3,3,0,0,51,414,318,0,Partner,2
535,1987,Graduate,Divorced,81361.0,0,0,25-02-2014,18,163,23,424,27,65,76,1,3,10,13,1,0,0,27,124,778,0,Alone,3
5268,1960,Graduate,Married,29440.0,1,1,11-08-2013,95,17,8,14,10,4,3,2,1,0,4,7,0,0,54,322,56,2,Partner,2
273,1970,Postgraduate,Married,36138.0,1,1,16-07-2013,48,130,0,16,0,0,5,5,3,1,4,7,0,0,44,348,151,2,Partner,2
4452,1957,Graduate,Single,50388.0,0,1,28-05-2014,3,292,6,37,0,3,34,4,6,1,6,7,0,1,57,32,372,1,Alone,0
8504,1973,Graduate,Married,79593.0,0,0,12-05-2014,70,350,60,568,110,133,145,1,5,6,7,2,0,0,41,48,1366,0,Partner,1
771,1967,Graduate,Together,54178.0,0,1,21-01-2014,79,135,9,39,4,0,7,1,2,2,5,2,0,0,47,159,194,1,Partner,2
8996,1957,Postgraduate,Married,51381.5,2,1,19-11-2012,4,230,42,192,49,37,53,12,7,2,8,9,0,0,57,587,603,3,Partner,2
9235,1957,Graduate,Single,51381.5,1,1,27-05-2014,45,7,0,8,2,0,1,1,1,0,2,7,0,0,57,33,18,2,Alone,0
5798,1973,Postgraduate,Together,51381.5,0,0,23-11-2013,87,445,37,359,98,28,18,1,2,4,8,1,0,0,41,218,985,0,Partner,1
11178,1972,Postgraduate,Single,42394.0,1,0,23-03-2014,69,15,2,10,0,1,4,1,1,0,3,7,0,0,42,98,32,1,Alone,0
2230,1970,Postgraduate,Married,23626.0,1,0,24-05-2014,84,27,2,14,0,0,0,3,3,1,3,5,0,0,44,36,43,1,Partner,2
7516,1983,Graduate,Married,30096.0,1,0,22-05-2014,30,5,3,11,12,5,9,1,2,0,3,6,0,0,31,38,45,1,Partner,2
7247,1960,Graduate,Widow,47916.0,0,1,22-11-2012,72,505,0,26,0,0,75,5,7,4,6,6,0,0,54,584,606,1,Alone,3
11100,1972,Graduate,Divorced,51813.0,1,1,11-04-2013,37,51,2,7,0,1,2,2,2,0,3,7,0,0,42,444,63,2,Alone,0
4646,1951,Undergraduate,Married,78497.0,0,0,01-12-2013,44,207,26,447,75,0,223,1,5,7,12,2,0,0,63,210,978,0,Partner,1
3037,1983,Postgraduate,Married,50150.0,0,0,20-06-2013,32,135,46,92,65,61,11,2,5,2,7,5,0,0,31,374,410,0,Partner,1
1473,1960,Undergraduate,Single,47823.0,0,1,23-07-2013,0,53,1,5,2,1,10,2,2,0,3,8,0,0,54,341,72,1,Alone,0
1016,1959,Postgraduate,Single,34554.0,0,1,30-03-2014,43,41,1,6,2,0,5,2,2,0,3,6,0,0,55,91,55,1,Alone,0
4518,1979,Graduate,Together,85693.0,0,1,20-04-2013,59,386,172,183,185,132,111,2,9,5,11,5,0,0,35,435,1169,1,Partner,1
9370,1945,Postgraduate,Married,65846.0,0,0,17-05-2013,68,562,81,276,80,40,81,1,6,3,6,4,0,0,69,408,1120,0,Partner,1
8908,1959,Graduate,Married,87195.0,0,0,08-05-2014,35,217,76,690,50,26,38,1,3,11,5,1,0,1,55,52,1097,0,Partner,1
8373,1979,Undergraduate,Together,24594.0,1,0,10-12-2013,94,1,3,6,10,0,9,1,1,0,3,5,0,0,35,201,29,1,Partner,2
7533,1964,Graduate,Married,49096.0,1,1,24-09-2013,15,144,1,32,2,1,7,4,4,1,4,7,0,0,50,278,187,2,Partner,2
2683,1969,Graduate,Married,52413.0,0,2,02-02-2013,56,295,106,271,75,98,65,4,6,4,12,6,0,0,45,512,910,2,Partner,1
3629,1978,Graduate,Single,38557.0,1,0,19-12-2012,17,76,3,31,4,4,27,2,3,1,3,7,0,0,36,557,145,1,Alone,0
10991,1960,Postgraduate,Married,89058.0,0,0,07-12-2012,18,454,194,106,31,22,43,1,5,4,4,2,0,0,54,569,850,0,Partner,1
5077,1979,Graduate,Together,77298.0,0,1,02-11-2013,46,425,115,292,23,35,79,1,6,6,11,3,0,0,35,239,969,1,Partner,1
7431,1991,Postgraduate,Single,68126.0,0,0,10-11-2012,40,1332,17,311,23,51,86,1,7,4,5,9,0,1,23,596,1820,0,Alone,3
3267,1963,Postgraduate,Together,57288.0,0,1,25-06-2014,27,527,0,21,0,0,60,3,8,1,8,6,0,0,51,4,608,1,Partner,1
999,1991,Graduate,Single,86037.0,0,0,02-01-2013,95,490,44,125,29,20,22,1,6,7,11,3,0,1,23,543,730,0,Alone,3
9215,1980,Postgraduate,Married,43974.0,1,0,12-12-2012,19,378,0,101,0,0,72,5,6,4,6,7,0,0,34,564,551,1,Partner,2
2286,1962,Graduate,Single,50785.0,1,1,10-09-2013,27,64,1,21,0,1,27,2,2,1,3,6,0,0,52,292,114,2,Alone,0
1592,1970,Graduate,Married,90765.0,0,0,24-01-2014,25,547,99,812,151,82,33,0,4,6,5,1,0,0,44,156,1724,0,Partner,1
367,1978,Undergraduate,Married,36550.0,1,0,19-02-2013,74,47,90,94,123,103,120,5,9,1,5,9,0,0,36,495,577,1,Partner,2
5234,1967,Undergraduate,Together,30753.0,1,1,11-07-2013,85,12,5,25,0,9,30,2,1,1,3,5,0,0,47,353,81,2,Partner,2
9862,1969,Graduate,Together,21918.0,1,0,14-11-2013,37,1,6,7,11,5,3,2,2,0,3,6,0,0,45,227,33,1,Partner,2
9805,1953,Postgraduate,Together,56129.0,0,1,20-06-2013,65,320,48,133,39,72,48,4,6,2,10,4,0,0,61,374,660,1,Partner,1
6205,1967,Postgraduate,Single,32557.0,1,0,24-02-2014,13,34,3,29,0,4,10,3,2,1,3,5,0,1,47,125,80,1,Alone,0
8442,1985,Postgraduate,Married,19510.0,2,0,04-09-2013,63,9,0,7,3,4,7,2,1,0,3,7,0,0,29,298,30,2,Partner,2
7386,1976,Graduate,Divorced,30992.0,1,0,22-04-2013,83,17,0,14,7,3,2,1,1,0,3,7,0,0,38,433,43,1,Alone,0
7215,1983,Graduate,Single,101970.0,0,0,12-03-2013,69,722,27,102,44,72,168,0,6,8,13,2,0,1,31,474,1135,0,Alone,3
1491,1965,Undergraduate,Together,71488.0,0,0,18-02-2013,87,162,33,124,40,28,172,2,3,4,7,1,0,0,49,496,559,0,Partner,1
11071,1984,Graduate,Single,79607.0,0,0,21-04-2013,37,450,133,951,173,0,216,1,3,6,6,1,0,1,30,434,1923,0,Alone,3
3381,1953,Postgraduate,Married,54348.0,1,1,08-06-2014,51,70,0,16,0,0,4,2,2,0,4,6,0,0,61,21,90,2,Partner,2
8268,1961,Postgraduate,Married,51381.5,0,1,11-07-2013,23,352,0,27,10,0,15,3,6,1,7,6,0,0,53,353,404,1,Partner,2
11051,1956,Postgraduate,Together,77376.0,1,1,10-05-2014,72,492,19,110,16,12,12,4,6,3,10,4,0,0,58,50,661,2,Partner,1
8026,1952,Graduate,Married,62998.0,0,1,30-09-2013,10,120,58,73,65,89,58,5,5,4,5,5,0,0,62,272,463,1,Partner,1
433,1958,Postgraduate,Alone,61331.0,1,1,10-03-2013,42,534,5,47,0,5,41,5,11,1,6,8,0,0,56,476,632,2,Alone,0
9597,1969,Graduate,Married,73448.0,0,0,10-02-2014,10,236,106,189,23,41,130,1,7,2,9,4,0,0,45,139,725,0,Partner,1
1295,1963,Graduate,Married,51381.5,0,1,11-08-2013,96,231,65,196,38,71,124,1,6,5,7,4,0,0,51,322,725,1,Partner,1
5290,1964,Postgraduate,Married,41551.0,1,1,14-08-2013,51,220,0,33,3,0,23,5,5,1,5,8,0,0,50,319,279,2,Partner,2
1685,1967,Postgraduate,Together,62981.0,0,0,17-03-2013,21,796,14,590,38,44,0,1,4,5,13,3,0,0,47,469,1482,0,Partner,1
5342,1976,Undergraduate,Divorced,9548.0,1,0,08-08-2012,31,0,1,3,10,6,9,2,1,0,3,8,0,0,38,690,29,1,Alone,0
9579,1959,Postgraduate,Married,33762.0,2,1,07-07-2013,61,53,1,34,2,0,16,3,2,2,2,8,0,0,55,357,106,3,Partner,2
7660,1973,Postgraduate,Alone,35860.0,1,1,19-05-2014,37,15,0,8,4,2,20,2,1,1,2,5,0,1,41,41,49,2,Alone,0
1461,1965,Postgraduate,Divorced,36921.0,1,1,28-07-2013,74,17,1,12,3,1,4,2,2,0,3,7,0,0,49,336,38,2,Alone,0
821,1992,Postgraduate,Single,92859.0,0,0,19-10-2012,46,962,61,921,52,61,20,1,5,4,12,2,0,0,22,618,2077,0,Alone,3
11084,1976,Postgraduate,Together,65104.0,0,1,14-11-2013,4,738,0,232,13,20,50,2,3,5,7,7,0,1,38,227,1053,1,Partner,1
8690,1962,Graduate,Married,86111.0,0,0,19-04-2013,73,399,28,756,36,40,126,1,5,7,10,2,0,0,52,436,1385,0,Partner,1
2937,1974,Postgraduate,Single,68352.0,0,1,28-08-2013,47,614,16,132,43,33,33,3,8,5,9,6,0,0,40,305,871,1,Alone,3
9701,1988,Graduate,Together,41883.0,1,0,19-03-2013,13,32,34,41,73,16,116,3,4,2,3,7,0,0,26,467,312,1,Partner,2
9949,1976,Graduate,Married,59809.0,0,2,18-10-2012,36,598,16,141,32,41,49,3,3,3,6,8,0,0,38,619,877,2,Partner,2
10837,1975,Graduate,Married,23957.0,1,0,28-10-2012,47,2,1,18,20,11,16,1,2,0,3,6,0,1,39,609,68,1,Partner,2
3120,1981,Graduate,Together,38547.0,1,0,28-08-2013,49,6,1,10,0,1,4,1,1,0,2,8,1,0,33,305,22,1,Partner,2
5885,1973,Undergraduate,Married,35688.0,2,1,22-08-2012,94,73,3,90,12,1,32,7,4,1,4,8,0,0,41,676,211,3,Partner,2
4050,1966,Postgraduate,Married,49605.0,0,0,21-06-2014,65,42,16,29,12,20,8,1,2,1,4,3,0,0,48,8,127,0,Partner,2
3830,1953,Postgraduate,Married,59354.0,0,2,24-04-2014,59,295,21,78,39,13,13,1,4,4,7,3,0,0,61,66,459,2,Partner,1
7987,1969,Graduate,Married,65747.0,0,1,07-03-2014,96,346,17,48,23,13,13,4,8,1,6,6,0,0,45,114,460,1,Partner,2
7798,1972,Undergraduate,Together,46344.0,0,1,14-12-2012,28,233,20,57,8,20,91,4,7,1,5,7,0,0,42,562,429,1,Partner,2
92,1988,Graduate,Alone,34176.0,1,0,12-05-2014,12,5,7,24,19,14,20,4,3,0,4,6,0,0,26,48,89,1,Alone,0
7055,1952,Postgraduate,Together,61010.0,0,1,09-10-2012,57,888,0,57,0,0,76,2,8,5,11,5,0,0,62,628,1021,1,Partner,1
10240,1949,Graduate,Together,69372.0,0,0,19-02-2013,10,997,26,269,34,13,42,1,10,4,6,4,0,1,65,495,1381,0,Partner,1
3025,1958,Graduate,Single,49967.0,0,1,08-07-2013,4,212,6,69,4,12,3,3,6,1,5,7,0,0,56,356,306,1,Alone,0
9283,1978,Graduate,Single,60199.0,1,2,12-09-2013,49,8,1,7,2,0,0,1,0,0,3,4,0,0,36,290,18,3,Alone,0
9970,1977,Graduate,Together,55375.0,0,1,17-10-2013,3,42,11,57,10,28,14,1,1,1,6,2,0,0,37,255,162,1,Partner,2
2730,1955,Graduate,Single,80317.0,0,0,20-08-2013,64,536,11,387,149,91,57,1,3,4,10,1,0,0,59,313,1231,0,Alone,3
2795,1958,Postgraduate,Single,30523.0,2,1,01-07-2013,0,5,0,3,0,0,5,1,1,0,2,7,0,0,56,363,13,3,Alone,0
9260,1945,Postgraduate,Married,70356.0,0,0,05-11-2012,20,1349,16,249,43,16,33,2,10,6,9,6,0,0,69,601,1706,0,Partner,1
8182,1984,Graduate,Married,23228.0,1,0,05-01-2014,91,53,3,49,7,4,5,4,3,0,4,8,0,0,30,175,121,1,Partner,2
10095,1975,Postgraduate,Divorced,74165.0,0,0,01-05-2013,9,1001,12,240,16,12,12,1,5,4,10,2,0,0,39,424,1293,0,Alone,3
8475,1973,Postgraduate,Married,157243.0,0,1,01-03-2014,98,20,2,1582,1,2,1,15,0,22,0,0,0,0,41,120,1608,1,Partner,1
4370,1966,Graduate,Together,43482.0,2,1,13-11-2013,83,18,1,32,6,3,28,3,2,0,4,6,0,0,48,228,88,3,Partner,2
10573,1953,Graduate,Divorced,62551.0,0,0,18-11-2013,27,125,16,98,134,21,27,1,6,7,4,3,0,0,61,223,421,0,Alone,3
3712,1959,Graduate,Divorced,52332.0,0,0,28-08-2013,63,212,5,33,7,0,2,1,3,2,6,4,0,0,55,305,259,0,Alone,3
6637,1988,Graduate,Single,66951.0,0,0,02-11-2013,46,277,162,305,173,76,124,1,3,4,7,1,0,0,26,239,1117,0,Alone,3
3152,1957,Graduate,Together,26091.0,1,1,25-02-2014,84,15,10,19,8,17,20,3,2,1,3,5,0,0,57,124,89,2,Partner,2
5610,1965,Graduate,Together,33456.0,1,1,21-04-2014,58,7,3,10,8,1,7,2,1,0,3,7,0,0,49,69,36,2,Partner,2
6460,1982,Graduate,Married,28718.0,1,0,13-07-2013,78,12,4,6,11,8,16,2,2,0,3,8,0,0,32,351,57,1,Partner,2
1349,1970,Graduate,Married,50447.0,2,0,21-04-2014,4,85,7,24,2,3,27,1,3,1,3,6,0,0,44,69,148,2,Partner,2
1880,1959,Postgraduate,Together,53537.0,1,1,30-01-2014,17,81,0,6,0,0,6,2,2,1,3,5,0,0,55,150,93,2,Partner,2
641,1967,Graduate,Single,52074.0,0,1,04-04-2014,77,59,0,12,0,0,48,1,2,2,2,4,0,0,47,86,119,1,Alone,0
8717,1975,Postgraduate,Married,80427.0,0,1,12-09-2012,56,1149,71,449,69,71,26,1,11,8,8,5,0,0,39,655,1835,1,Partner,1
10314,1948,Postgraduate,Married,83837.0,0,0,16-12-2012,79,847,66,119,86,89,111,1,9,10,5,4,0,1,66,560,1318,0,Partner,1
10854,1970,Postgraduate,Married,38853.0,1,1,23-05-2014,90,29,0,14,0,0,2,2,2,0,3,7,0,0,44,37,45,2,Partner,2
10492,1959,Graduate,Together,38285.0,2,1,24-06-2014,96,2,0,5,2,0,1,1,0,0,3,2,0,0,55,5,10,3,Partner,2
6935,1951,Undergraduate,Married,78497.0,0,0,01-12-2013,44,207,26,447,75,0,223,1,5,7,12,2,0,0,63,210,978,0,Partner,1
7698,1976,Postgraduate,Married,51650.0,0,1,11-05-2014,81,152,3,22,2,5,7,1,4,1,4,5,0,0,38,49,191,1,Partner,2
3559,1988,Undergraduate,Married,16248.0,1,0,10-05-2014,77,12,11,10,3,12,9,3,2,1,3,6,0,0,26,50,57,1,Partner,2
10562,1946,Postgraduate,Married,66835.0,0,0,28-09-2013,21,620,26,195,34,17,141,1,6,4,13,2,0,0,68,274,1033,0,Partner,1
10796,1984,Postgraduate,Married,30477.0,1,0,22-01-2014,16,47,1,6,0,0,12,1,1,1,3,6,0,0,30,158,66,1,Partner,2
2563,1961,Undergraduate,Married,28249.0,0,0,15-06-2014,80,1,9,7,2,14,10,1,2,0,3,6,0,0,53,14,43,0,Partner,2
3518,1983,Graduate,Married,25271.0,1,0,05-12-2012,45,10,1,18,10,4,7,1,1,1,2,9,0,0,31,571,50,1,Partner,2
5823,1970,Postgraduate,Single,32303.0,0,1,08-03-2014,63,35,0,2,0,0,2,2,1,0,4,5,0,0,44,113,39,1,Alone,0
3934,1966,Graduate,Married,61286.0,0,1,02-08-2013,34,356,0,107,19,9,117,2,7,1,8,5,0,0,48,331,608,1,Partner,1
6982,1976,Graduate,Married,74068.0,0,0,19-03-2013,14,783,30,537,140,76,15,1,4,10,9,2,0,0,38,467,1581,0,Partner,1
6431,1964,Postgraduate,Married,45759.0,1,1,23-02-2013,13,42,1,18,3,0,4,2,2,0,3,7,0,0,50,491,68,2,Partner,2
9733,1978,Undergraduate,Together,24882.0,1,0,09-09-2012,52,1,4,10,29,0,36,1,1,1,2,6,0,0,36,658,80,1,Partner,2
5602,1989,Postgraduate,Together,66973.0,0,0,17-05-2013,98,466,22,432,147,113,102,1,8,7,12,3,0,0,25,408,1282,0,Partner,1
1324,1988,Graduate,Married,38872.0,1,0,30-05-2013,93,23,3,21,3,19,22,2,3,0,3,8,0,0,26,395,91,1,Partner,2
326,1973,Graduate,Married,51148.0,1,1,18-02-2013,38,235,6,45,8,9,12,4,5,1,6,6,0,0,41,496,315,2,Partner,2
7224,1977,Graduate,Married,31353.0,1,1,29-12-2013,24,10,0,10,3,1,7,2,1,1,2,8,0,0,37,182,31,2,Partner,2
6999,1980,Postgraduate,Married,69661.0,0,0,13-05-2014,80,656,16,106,32,16,8,1,7,3,12,3,0,0,34,47,834,0,Partner,1
9938,1954,Graduate,Married,80067.0,0,0,19-09-2013,82,519,17,813,27,173,51,1,4,6,6,2,0,0,60,283,1600,0,Partner,1
6422,1954,Graduate,Married,86718.0,0,0,17-01-2013,20,344,189,482,50,33,172,1,5,6,5,2,0,0,60,528,1270,0,Partner,1
3182,1973,Postgraduate,Single,46854.0,1,1,31-03-2014,81,96,1,79,7,1,79,6,5,1,3,8,0,1,41,90,263,2,Alone,0
7300,1952,Graduate,Divorced,69142.0,0,1,29-06-2014,50,448,4,34,6,4,39,3,8,1,7,5,0,0,62,0,535,1,Alone,3
10424,1968,Graduate,Single,75922.0,0,0,09-12-2013,60,265,138,553,224,23,92,1,4,4,9,1,0,0,46,202,1295,0,Alone,3
8727,1978,Graduate,Divorced,63693.0,0,1,14-10-2013,63,587,43,337,42,87,54,3,11,6,9,6,0,0,36,258,1150,1,Alone,3
2798,1977,Postgraduate,Together,102160.0,0,0,02-11-2012,54,763,29,138,76,176,58,0,7,9,10,4,0,1,37,604,1240,0,Partner,1
1030,1965,Postgraduate,Single,40637.0,1,1,17-07-2013,72,22,0,13,0,0,3,2,1,0,3,7,0,0,49,347,38,2,Alone,0
624,1984,Postgraduate,Single,18890.0,0,0,10-11-2012,5,6,4,1,7,2,15,1,0,1,2,6,0,1,30,596,35,0,Alone,0
5176,1988,Graduate,Together,29604.0,1,0,08-12-2013,88,7,6,13,7,6,14,1,1,0,3,9,0,0,26,203,53,1,Partner,2
5552,1963,Postgraduate,Divorced,48721.0,1,1,13-05-2013,50,81,18,113,47,13,21,6,4,2,5,6,0,0,51,412,293,2,Alone,0
868,1966,Graduate,Married,44794.0,0,1,08-06-2014,99,54,0,7,0,0,4,1,2,0,3,6,0,0,48,21,65,1,Partner,2
380,1954,Graduate,Divorced,64497.0,0,1,10-09-2012,17,1170,48,320,42,32,192,5,11,4,9,8,0,1,60,657,1804,1,Alone,3
2677,1956,Graduate,Together,46097.0,0,1,31-03-2013,11,72,24,68,65,4,8,5,3,1,6,4,0,0,58,455,241,1,Partner,2
6521,1954,Graduate,Together,77972.0,0,0,18-03-2014,18,613,22,319,33,102,12,1,4,6,9,1,0,0,60,103,1101,0,Partner,1
6927,1968,Postgraduate,Married,44377.0,1,1,05-10-2012,70,224,0,30,0,0,10,8,5,1,5,8,0,0,46,632,264,2,Partner,2
2877,1974,Postgraduate,Together,46014.0,1,1,21-01-2013,21,410,0,59,19,9,44,10,7,1,8,7,0,0,40,524,541,2,Partner,2
0,1985,Graduate,Married,70951.0,0,0,04-05-2013,66,239,10,554,254,87,54,1,3,4,9,1,0,0,29,421,1198,0,Partner,1
1584,1977,Graduate,Married,41443.0,1,0,01-04-2014,79,171,7,171,25,19,89,6,8,1,5,8,0,0,37,89,482,1,Partner,2
7264,1978,Undergraduate,Single,52195.0,2,1,12-05-2014,2,12,0,4,0,0,1,1,1,0,2,8,0,0,36,48,17,3,Alone,0
6274,1948,Postgraduate,Married,83790.0,0,0,15-11-2013,81,1076,16,417,42,48,16,1,8,10,6,3,0,0,66,226,1615,0,Partner,1
1377,1954,Postgraduate,Widow,44551.0,0,1,31-08-2013,24,182,4,33,0,0,66,2,4,1,5,7,0,0,60,302,285,1,Alone,0
454,1980,Graduate,Together,69508.0,1,0,14-11-2012,48,824,32,162,42,32,43,2,11,4,11,6,0,0,34,592,1135,1,Partner,1
1755,1988,Undergraduate,Together,45204.0,1,0,11-04-2014,93,30,11,25,29,1,18,1,1,1,4,3,0,0,26,79,114,1,Partner,2
2075,1969,Graduate,Married,72460.0,0,0,14-11-2013,56,377,10,540,80,30,10,1,3,5,7,1,0,0,45,227,1047,0,Partner,1
4785,1970,Postgraduate,Together,77622.0,0,2,14-04-2014,3,520,7,154,19,0,14,2,6,3,11,3,0,0,44,76,714,2,Partner,1
9076,1980,Postgraduate,Married,30732.0,1,0,05-01-2013,44,155,1,25,0,1,3,4,4,1,4,8,0,0,34,540,185,1,Partner,2
7079,1962,Graduate,Divorced,63887.0,0,1,08-09-2012,38,897,23,207,15,11,92,5,9,6,12,6,0,0,52,659,1245,1,Alone,3
4653,1978,Graduate,Together,42011.0,1,0,26-03-2013,46,131,0,16,2,1,39,4,3,1,4,8,0,0,36,460,189,1,Partner,2
7375,1976,Graduate,Together,51369.0,0,1,25-10-2012,84,297,7,79,0,11,182,2,8,2,4,8,0,0,38,612,576,1,Partner,2
709,1952,Graduate,Divorced,51537.0,0,1,09-12-2012,27,787,20,204,0,0,92,3,2,2,11,8,0,0,62,567,1103,1,Alone,3
460,1972,Postgraduate,Married,79930.0,0,0,08-08-2012,72,792,86,740,67,51,17,1,3,5,8,2,0,0,42,690,1753,0,Partner,1
3726,1986,Postgraduate,Together,34320.0,1,0,16-02-2014,66,4,1,9,3,0,0,1,1,0,2,8,0,0,28,133,17,1,Partner,2
6798,1966,Graduate,Single,37070.0,1,1,20-03-2013,30,231,7,137,4,15,39,9,5,1,8,7,0,1,48,466,433,2,Alone,0
5341,1962,Undergraduate,Divorced,81975.0,0,1,05-01-2013,2,983,76,184,180,138,27,1,6,3,4,7,0,0,52,540,1588,1,Alone,3
1606,1971,Graduate,Together,38590.0,1,0,15-05-2013,65,3,1,8,4,3,3,1,1,0,2,8,0,0,43,410,22,1,Partner,2
9617,1951,Graduate,Single,15033.0,0,0,16-04-2014,37,0,4,5,6,0,4,1,1,0,3,3,0,0,63,74,19,0,Alone,0
3233,1965,Postgraduate,Married,62745.0,0,1,23-03-2013,89,562,21,464,28,10,32,3,7,8,11,5,0,0,49,463,1117,1,Partner,1
89,1975,Undergraduate,Married,22212.0,1,0,09-12-2013,49,5,9,20,6,8,21,2,2,0,4,6,0,0,39,202,69,1,Partner,2
2936,1982,Postgraduate,Together,23661.0,1,0,04-12-2013,46,18,0,4,0,0,1,1,1,0,3,7,0,0,32,207,23,1,Partner,2
9449,1958,Postgraduate,Single,79761.0,0,1,04-10-2013,32,415,5,124,15,35,11,1,5,2,11,3,0,0,56,268,605,1,Alone,3
7297,1973,Graduate,Single,7500.0,1,0,26-12-2013,54,5,3,10,12,7,20,4,3,1,3,7,0,0,41,185,57,1,Alone,0
313,1968,Graduate,Widow,73455.0,0,0,28-10-2013,98,901,61,757,186,163,20,1,6,5,10,3,0,0,46,244,2088,0,Alone,3
9940,1958,Graduate,Together,64961.0,0,1,23-12-2012,97,382,114,276,75,124,38,2,6,4,4,3,0,0,56,553,1009,1,Partner,1
10735,1971,Graduate,Single,22804.0,1,0,31-07-2013,75,14,1,7,2,1,1,1,2,0,2,9,0,0,43,333,26,1,Alone,0
9529,1990,Graduate,Married,73687.0,0,0,28-11-2013,8,559,153,503,218,13,181,1,3,9,9,2,0,1,24,213,1627,0,Partner,1
6439,1958,Graduate,Married,61074.0,0,1,17-08-2012,37,789,0,133,0,28,152,7,11,5,8,7,0,0,56,681,1102,1,Partner,1
7411,1964,Postgraduate,Married,31686.0,1,1,05-06-2014,31,11,0,5,0,0,1,2,1,0,3,6,0,0,50,24,17,2,Partner,2
2176,1972,Graduate,Married,80134.0,1,0,20-05-2013,40,1218,16,272,104,0,80,2,5,3,6,6,0,1,42,405,1690,1,Partner,1
9265,1953,Graduate,Married,75027.0,0,1,09-01-2013,74,925,64,179,133,12,77,2,9,4,6,5,0,0,61,536,1390,1,Partner,1
8867,1988,Postgraduate,Married,67546.0,0,0,31-08-2012,90,864,134,768,150,38,172,1,4,10,5,3,0,0,26,667,2126,0,Partner,1
8932,1969,Postgraduate,Together,65176.0,0,1,29-10-2012,57,960,28,183,220,70,70,4,9,6,6,6,0,0,45,608,1531,1,Partner,1
10236,1975,Postgraduate,Single,31160.0,1,0,16-09-2013,59,16,3,25,6,1,13,2,2,0,3,8,0,0,39,286,64,1,Alone,0
6340,1985,Graduate,Single,29938.0,1,0,27-10-2013,52,3,3,7,0,2,11,2,1,0,3,6,0,0,29,245,26,1,Alone,0
10089,1974,Graduate,Divorced,102692.0,0,0,05-04-2013,5,168,148,444,32,172,148,1,6,9,13,2,0,1,40,450,1112,0,Alone,3
2227,1958,Undergraduate,Together,26490.0,0,0,22-09-2012,92,45,47,52,21,20,25,2,3,1,5,6,0,0,56,645,210,0,Partner,2
10992,1967,Graduate,Together,75702.0,1,1,29-08-2012,77,650,28,353,45,42,30,5,4,6,11,8,0,0,47,669,1148,2,Partner,1
5304,1974,Postgraduate,Single,30899.0,1,0,13-10-2012,35,24,0,8,0,0,1,2,1,0,3,6,0,0,40,624,33,1,Alone,0
309,1961,Postgraduate,Together,63342.0,0,1,16-10-2012,48,918,21,118,13,10,21,3,8,3,5,6,0,0,53,621,1101,1,Partner,1
3406,1964,Graduate,Single,45989.0,0,1,22-10-2012,97,138,33,87,28,24,12,4,3,2,7,3,0,0,50,615,322,1,Alone,0
2661,1964,Graduate,Single,18701.0,1,1,04-06-2013,95,12,4,2,10,6,10,4,2,0,4,5,0,0,50,390,44,2,Alone,0
3153,1957,Postgraduate,Single,40737.0,2,1,08-12-2013,24,11,0,4,0,0,2,1,1,0,2,8,0,0,57,203,17,3,Alone,0
10264,1979,Graduate,Divorced,15287.0,1,0,10-10-2012,60,1,2,8,4,3,13,2,1,1,2,7,0,1,35,627,31,1,Alone,0
1184,1968,Postgraduate,Divorced,69674.0,0,2,22-05-2013,46,554,41,215,11,0,24,3,10,2,10,5,0,0,46,403,845,2,Alone,3
4200,1970,Postgraduate,Married,44159.0,1,0,17-06-2014,85,167,2,62,24,13,7,4,4,1,6,5,0,0,44,12,275,1,Partner,2
9396,1978,Postgraduate,Married,37717.0,1,0,23-11-2012,31,9,0,6,4,1,5,1,1,0,2,9,0,0,36,583,25,1,Partner,2
2387,1952,Postgraduate,Together,43776.0,1,1,03-02-2013,9,177,2,71,3,2,20,6,5,2,4,8,0,1,62,511,275,2,Partner,2
6690,1966,Postgraduate,Married,38179.0,1,1,14-03-2013,30,38,4,22,4,2,20,4,3,1,3,7,0,0,48,472,90,2,Partner,2
1225,1963,Graduate,Married,80124.0,0,0,26-06-2014,47,483,84,398,205,84,241,1,3,7,8,1,0,0,51,3,1495,0,Partner,1
9703,1970,Postgraduate,Married,38097.0,1,1,15-10-2012,70,77,2,35,0,1,69,4,3,2,2,7,0,1,44,622,184,2,Partner,2
291,1970,Graduate,Married,72940.0,0,0,19-06-2013,13,182,74,298,162,149,116,1,3,3,6,1,0,0,44,375,981,0,Partner,1
4557,1970,Graduate,Together,22070.0,1,0,04-10-2013,11,10,7,19,8,2,21,2,2,2,2,6,0,0,44,268,67,1,Partner,2
2379,1953,Graduate,Single,69267.0,0,0,22-09-2012,31,778,44,499,95,73,146,2,3,4,5,7,0,1,61,645,1635,0,Alone,3
5726,1983,Postgraduate,Single,31788.0,1,0,20-03-2014,15,16,7,23,0,8,6,3,3,0,4,5,1,0,31,101,60,1,Alone,0
3066,1975,Postgraduate,Together,61905.0,0,1,04-02-2014,2,167,0,43,6,2,13,2,4,2,4,5,0,0,39,145,231,1,Partner,2
6336,1960,Graduate,Married,29315.0,1,1,06-04-2014,55,13,2,14,8,7,4,4,2,0,4,6,0,0,54,84,48,2,Partner,2
10967,1963,Graduate,Divorced,33378.0,1,1,06-02-2013,38,33,6,40,3,7,10,3,2,0,4,7,0,0,51,508,99,2,Alone,0
2304,1963,Postgraduate,Together,66313.0,0,1,16-09-2013,86,625,7,99,10,22,7,2,6,3,12,4,0,0,51,286,770,1,Partner,1
3445,1956,Graduate,Single,60714.0,0,0,17-01-2013,56,216,162,224,101,92,162,2,7,4,10,5,0,1,58,528,957,0,Alone,3
7828,1981,Postgraduate,Together,77882.0,0,0,30-04-2014,29,68,129,396,188,22,15,1,3,3,5,1,0,0,33,60,818,0,Partner,1
3762,1986,Postgraduate,Single,69867.0,0,0,02-04-2013,30,196,0,512,33,130,54,1,3,5,8,1,0,1,28,453,925,0,Alone,3
4391,1968,Postgraduate,Divorced,63841.0,0,1,21-04-2013,64,635,15,100,20,7,131,1,9,3,9,6,0,0,46,434,908,1,Alone,3
4669,1981,Undergraduate,Married,24480.0,1,0,11-02-2013,46,4,19,9,28,25,17,3,3,0,4,7,0,0,33,503,102,1,Partner,2
10144,1976,Graduate,Together,51369.0,0,1,25-10-2012,84,297,7,79,0,11,182,2,8,2,4,8,0,0,38,612,576,1,Partner,2
8652,1946,Graduate,Together,37760.0,0,0,31-08-2012,20,84,5,38,150,12,28,2,4,1,6,7,0,0,68,667,317,0,Partner,2
1672,1974,Postgraduate,Together,65640.0,0,1,01-03-2014,74,204,7,149,20,15,66,1,5,1,8,2,0,0,40,120,461,1,Partner,1
8962,1975,Postgraduate,Married,44319.0,1,1,17-04-2014,18,26,0,8,0,0,3,2,2,0,3,5,0,0,39,73,37,2,Partner,2
9974,1974,Graduate,Married,30631.0,1,0,12-07-2013,75,15,6,20,4,5,20,1,3,1,2,7,0,0,40,352,70,1,Partner,2
10983,1952,Graduate,Together,75278.0,0,0,29-01-2013,17,304,98,230,150,74,74,1,6,3,13,3,0,0,62,516,930,0,Partner,1
8148,1956,Postgraduate,Together,50898.0,1,1,08-01-2013,88,285,28,242,55,114,135,13,6,2,12,5,0,0,58,537,859,2,Partner,1
10102,1966,Graduate,Widow,79946.0,0,0,12-05-2014,19,395,183,565,166,141,28,1,5,11,5,3,0,0,48,48,1478,0,Alone,3
4697,1949,Postgraduate,Divorced,35416.0,0,0,13-06-2013,62,248,3,81,4,3,51,3,7,1,5,8,0,0,65,381,390,0,Alone,0
9262,1984,Undergraduate,Together,32414.0,0,0,04-07-2013,11,20,6,5,0,9,12,1,1,0,3,7,0,0,30,360,52,0,Partner,2
7254,1969,Graduate,Together,38361.0,1,0,27-12-2013,74,39,0,56,20,8,14,3,3,1,3,7,0,0,45,184,137,1,Partner,2
4543,1980,Graduate,Married,82497.0,0,0,31-10-2012,32,777,129,573,216,21,203,1,2,7,9,4,0,0,34,606,1919,0,Partner,1
4927,1971,Graduate,Together,16626.0,2,0,15-01-2014,76,8,3,22,21,1,13,3,3,0,3,9,0,0,43,165,68,2,Partner,2
10451,1965,Graduate,Together,29672.0,1,1,12-03-2013,6,9,1,3,0,4,8,1,0,0,3,6,0,0,49,474,25,2,Partner,2
2926,1952,Postgraduate,Together,55951.0,0,1,23-08-2012,62,1241,0,80,0,13,40,3,3,6,11,8,0,0,62,675,1374,1,Partner,1
2874,1988,Undergraduate,Divorced,35388.0,1,0,07-03-2013,20,6,4,7,4,3,8,1,1,0,3,7,0,0,26,479,32,1,Alone,0
9738,1986,Postgraduate,Together,42386.0,1,0,13-01-2013,43,65,4,16,0,4,11,1,3,0,3,8,0,0,28,532,100,1,Partner,2
7119,1982,Graduate,Single,68627.0,0,0,12-01-2013,45,395,15,263,60,54,38,1,2,3,6,1,0,0,32,533,825,0,Alone,3
3924,1965,Postgraduate,Divorced,57912.0,0,1,17-03-2014,34,801,0,80,0,0,35,5,8,3,12,5,0,0,49,104,916,1,Alone,3
5827,1958,Graduate,Divorced,35246.0,1,1,16-04-2014,53,36,0,12,2,2,10,4,3,1,3,5,0,0,56,74,62,2,Alone,0
5596,1956,Undergraduate,Together,58821.0,0,1,12-10-2013,44,513,14,154,19,0,28,1,9,2,9,6,0,0,58,260,728,1,Partner,1
10812,1978,Postgraduate,Married,46377.0,1,0,01-03-2014,89,37,0,46,4,3,0,1,2,1,3,4,0,0,36,120,90,1,Partner,2
1717,1988,Graduate,Single,39747.0,1,0,13-04-2014,43,80,15,93,20,13,52,3,5,1,4,8,0,0,26,77,273,1,Alone,0
9491,1984,Graduate,Together,23976.0,1,0,27-12-2013,68,14,1,21,2,3,25,3,3,1,3,7,0,0,30,184,66,1,Partner,2
9274,1961,Postgraduate,Married,80950.0,0,0,28-03-2013,44,525,147,112,219,147,63,1,6,7,9,2,0,0,53,458,1213,0,Partner,1
6609,1966,Graduate,Widow,27038.0,0,0,18-09-2012,64,1,26,25,17,23,15,1,3,0,3,9,0,1,48,649,107,0,Alone,0
6963,1947,Graduate,Single,77457.0,0,0,05-03-2014,85,675,11,400,15,45,11,1,2,5,10,1,0,0,67,116,1157,0,Alone,3
4440,1964,Postgraduate,Married,64100.0,0,1,10-09-2013,93,509,0,27,0,0,10,1,8,3,6,7,0,0,50,292,546,1,Partner,1
1379,1992,Postgraduate,Together,42670.0,0,0,27-04-2013,12,154,2,46,20,4,15,1,4,2,4,4,0,0,22,428,241,0,Partner,2
10032,1976,Graduate,Divorced,12571.0,1,0,18-01-2014,86,3,5,14,2,12,17,4,3,1,3,6,0,0,38,162,53,1,Alone,0
2826,1967,Graduate,Married,22574.0,2,1,28-10-2013,28,25,0,8,2,0,2,2,2,0,3,7,0,0,47,244,37,3,Partner,2
2437,1989,Graduate,Married,51381.5,0,0,03-06-2013,69,861,138,461,60,30,61,1,6,5,12,3,0,0,25,391,1611,0,Partner,1
6320,1976,Postgraduate,Single,70893.0,0,0,06-02-2013,42,768,44,561,77,44,14,1,6,6,10,3,0,0,38,508,1508,0,Alone,3
3050,1966,Graduate,Married,54198.0,1,1,17-12-2013,13,185,0,28,3,2,17,6,3,1,6,4,0,0,48,194,235,2,Partner,2
231,1956,Postgraduate,Together,28839.0,1,1,11-03-2014,86,24,0,7,0,0,1,2,2,0,3,5,0,0,58,110,32,2,Partner,2
2392,1972,Graduate,Married,40321.0,1,1,29-07-2013,59,44,4,21,6,0,27,2,3,0,3,7,0,0,42,335,102,2,Partner,2
9478,1985,Graduate,Single,66503.0,1,0,14-08-2012,30,91,64,128,65,3,50,2,4,3,6,3,0,0,29,684,401,1,Alone,3
113,1951,Graduate,Married,30833.0,1,1,16-07-2013,33,11,0,7,3,1,6,2,1,0,3,5,0,0,63,348,28,2,Partner,2
2863,1970,Graduate,Single,51381.5,1,2,23-08-2013,67,738,20,172,52,50,20,6,2,3,10,7,0,0,44,310,1052,3,Alone,0
1802,1971,Graduate,Married,64795.0,0,1,17-01-2013,23,412,5,119,38,29,77,3,3,3,12,2,0,0,43,528,680,1,Partner,1
520,1974,Graduate,Married,34421.0,1,0,01-07-2013,81,3,3,7,6,2,9,1,1,0,2,7,0,0,40,363,30,1,Partner,2
8275,1965,Postgraduate,Divorced,47025.0,1,1,09-02-2014,6,16,0,3,0,0,1,1,1,0,2,7,0,0,49,140,20,2,Alone,0
9750,1961,Postgraduate,Divorced,64325.0,0,1,07-02-2013,41,731,60,353,78,12,73,5,10,3,5,7,0,0,53,507,1307,1,Alone,3
2607,1953,Graduate,Single,40464.0,0,1,11-01-2013,78,424,17,118,7,23,41,6,8,2,8,8,0,0,61,534,630,1,Alone,0
7214,1957,Graduate,Married,62187.0,0,0,05-07-2013,49,792,0,275,45,45,126,1,4,8,5,3,0,0,57,359,1283,0,Partner,1
5835,1976,Postgraduate,Divorced,14849.0,1,0,02-07-2013,39,21,2,28,3,2,9,3,2,0,4,8,0,0,38,362,65,1,Alone,0
3896,1984,Graduate,Married,27255.0,1,0,07-11-2013,3,22,1,11,0,1,2,1,1,0,3,7,0,0,30,234,37,1,Partner,2
10350,1950,Postgraduate,Married,54432.0,2,1,09-05-2013,37,33,0,5,0,0,0,1,1,0,3,4,0,0,64,416,38,3,Partner,2
7786,1986,Postgraduate,Single,29999.0,1,0,13-02-2013,22,68,7,59,10,5,11,4,3,1,4,8,0,0,28,501,160,1,Alone,0
2861,1983,Graduate,Single,24072.0,1,0,16-04-2013,79,9,1,6,3,0,4,1,1,0,2,8,0,0,31,439,23,1,Alone,0
663,1989,Postgraduate,Single,33996.0,0,0,11-09-2013,46,40,2,15,8,0,6,1,1,1,3,4,0,0,25,291,71,0,Alone,0
10675,1956,Postgraduate,Married,66334.0,0,1,03-04-2013,82,909,11,218,0,0,23,2,9,3,5,5,0,1,58,452,1161,1,Partner,1
2521,1971,Postgraduate,Married,35178.0,1,0,10-01-2013,10,23,1,13,2,2,18,1,1,1,2,7,0,1,43,535,59,1,Partner,2
9592,1983,Graduate,Together,22010.0,1,0,30-06-2013,51,11,2,9,3,0,8,2,2,0,3,8,0,0,31,364,33,1,Partner,2
10151,1960,Graduate,Divorced,62204.0,0,2,12-09-2012,38,317,46,247,151,46,139,1,4,5,12,3,0,0,54,655,946,2,Alone,3
7381,1968,Graduate,Divorced,75693.0,0,0,06-12-2012,10,797,153,293,72,97,30,1,11,4,6,4,0,1,46,570,1442,0,Alone,3
4099,1972,Graduate,Married,30675.0,1,0,12-11-2012,14,10,2,16,11,2,21,1,1,0,3,8,0,0,42,594,62,1,Partner,2
9560,1965,Graduate,Together,83003.0,0,0,03-03-2013,18,856,61,570,40,25,122,1,7,6,8,3,0,1,49,483,1674,0,Partner,1
10172,1988,Graduate,Single,68655.0,0,0,10-08-2012,95,456,19,832,75,118,38,1,4,5,11,3,0,0,26,688,1538,0,Alone,3
11191,1986,Graduate,Divorced,41411.0,0,0,07-12-2013,11,37,32,38,11,3,18,1,2,1,4,6,0,0,28,204,139,0,Alone,0
9707,1969,Postgraduate,Married,55212.0,0,1,23-11-2012,65,1103,0,45,0,0,34,3,4,2,11,8,0,0,45,583,1182,1,Partner,1
6245,1950,Postgraduate,Together,59292.0,0,1,13-06-2013,71,378,14,68,19,14,14,2,3,5,8,3,0,0,64,381,507,1,Partner,1
8234,1973,Undergraduate,Together,27190.0,1,0,15-08-2013,13,1,6,7,0,1,3,1,1,0,2,8,0,1,41,318,18,1,Partner,2
1411,1952,Graduate,Divorced,82623.0,0,0,10-11-2013,58,204,34,204,172,153,173,1,2,9,4,1,0,0,62,231,940,0,Alone,3
8553,1965,Graduate,Married,44300.0,1,1,23-06-2013,65,30,0,9,0,0,3,2,1,0,3,6,0,0,49,371,42,2,Partner,2
1826,1970,Graduate,Divorced,84835.0,0,0,16-06-2014,0,189,104,379,111,189,218,1,4,4,6,1,0,1,44,13,1190,0,Alone,3
8842,1971,Graduate,Widow,30372.0,1,1,25-12-2012,33,15,0,12,7,3,7,3,2,0,3,7,0,0,43,551,44,2,Alone,0
11030,1976,Postgraduate,Married,33181.0,1,0,03-01-2014,90,9,0,3,0,0,4,1,1,0,2,6,0,0,38,177,16,1,Partner,2
2579,1957,Graduate,Married,71113.0,0,1,17-12-2013,95,495,33,255,11,33,8,4,6,7,9,4,0,0,57,194,835,1,Partner,1
175,1986,Graduate,Married,71952.0,1,0,10-01-2013,93,656,80,455,52,107,93,2,8,4,8,4,0,0,28,535,1443,1,Partner,1
9185,1966,Postgraduate,Single,69759.0,0,0,28-10-2013,38,452,20,514,13,30,0,3,4,6,5,3,0,1,48,244,1029,0,Alone,3
11056,1974,Graduate,Married,72099.0,0,0,27-10-2012,18,546,91,410,119,0,22,1,3,4,10,1,0,0,40,610,1188,0,Partner,1
9365,1976,Postgraduate,Single,60000.0,0,1,22-12-2012,57,1048,0,217,0,0,12,5,11,3,5,6,0,0,38,554,1277,1,Alone,3
6201,1978,Graduate,Single,38643.0,1,1,29-11-2013,45,22,2,14,0,1,10,2,2,0,3,7,1,0,36,212,49,2,Alone,0
2061,1955,Graduate,Married,50737.0,0,1,11-05-2013,61,78,0,11,0,0,10,1,2,0,4,6,0,0,59,414,99,1,Partner,2
6184,1969,Postgraduate,Married,68462.0,0,0,12-12-2012,6,561,64,785,84,128,48,1,3,3,8,1,0,0,45,564,1670,0,Partner,1
6142,1943,Postgraduate,Married,65073.0,0,0,20-08-2013,65,629,17,177,69,0,8,1,5,3,5,2,1,0,71,313,900,0,Partner,1
4107,1948,Postgraduate,Together,46681.0,0,2,08-10-2013,52,269,15,69,15,19,38,2,4,6,4,5,0,0,66,264,425,2,Partner,2
7274,1957,Graduate,Married,78618.0,0,0,28-09-2012,87,736,163,818,212,163,61,1,4,7,10,2,0,0,57,639,2153,0,Partner,1
9336,1969,Postgraduate,Widow,62187.0,0,1,22-03-2014,38,512,0,83,0,0,41,3,6,2,10,4,0,0,45,99,636,1,Alone,3
2958,1978,Graduate,Married,28442.0,2,0,24-02-2014,53,19,3,10,11,8,6,3,2,1,4,4,0,0,36,125,57,2,Partner,2
933,1978,Postgraduate,Married,37717.0,1,0,23-11-2012,31,9,0,6,4,1,5,1,1,0,2,9,0,0,36,583,25,1,Partner,2
5837,1967,Graduate,Married,51479.0,1,1,28-12-2012,67,247,8,160,6,8,65,7,6,3,6,7,0,0,47,548,494,2,Partner,2
10704,1969,Graduate,Single,54803.0,0,1,21-08-2012,65,404,0,92,28,27,142,2,6,2,9,4,0,0,45,677,693,1,Alone,3
5125,1960,Graduate,Married,79530.0,0,0,17-05-2013,64,333,0,815,129,42,29,1,4,10,11,2,0,0,54,408,1348,0,Partner,1
4432,1976,Graduate,Divorced,31615.0,1,0,16-03-2013,82,2,3,20,6,11,9,2,2,0,3,7,0,0,38,470,51,1,Alone,0
5955,1962,Graduate,Together,72025.0,0,0,17-11-2012,27,833,33,549,151,133,233,1,4,3,8,3,0,0,52,589,1932,0,Partner,1
2928,1975,Postgraduate,Single,52614.0,0,1,01-12-2012,63,789,0,142,12,9,38,2,2,4,8,8,0,0,39,575,990,1,Alone,0
5680,1984,Undergraduate,Married,35684.0,1,0,22-04-2014,66,10,4,7,0,6,3,1,1,0,3,6,0,0,30,68,30,1,Partner,2
10313,1975,Graduate,Married,48178.0,1,1,28-10-2012,69,159,4,45,6,2,38,6,5,1,4,8,0,0,39,609,254,2,Partner,2
2557,1970,Postgraduate,Single,29548.0,1,0,29-08-2013,52,7,1,6,3,1,11,1,1,1,2,4,0,0,44,304,29,1,Alone,0
1245,1966,Graduate,Single,63810.0,0,1,11-11-2012,45,977,12,253,16,12,101,4,4,3,12,8,0,0,48,595,1371,1,Alone,3
1519,1972,Postgraduate,Single,38578.0,1,1,22-06-2013,2,38,4,22,3,3,3,3,3,0,3,8,0,1,42,372,73,2,Alone,0
10703,1975,Postgraduate,Single,46098.0,1,1,18-08-2012,86,57,0,27,0,0,36,4,3,2,2,8,0,0,39,680,120,2,Alone,0
1726,1970,Graduate,Single,22585.0,0,0,18-03-2013,23,3,9,15,13,2,39,1,1,1,2,9,0,1,44,468,81,0,Alone,0
4459,1989,Graduate,Single,30279.0,1,0,30-12-2012,13,10,4,14,4,4,1,1,1,0,3,8,0,0,25,546,37,1,Alone,0
1729,1961,Postgraduate,Together,66426.0,0,1,02-10-2013,14,1043,24,97,32,24,157,2,3,5,10,6,0,0,53,270,1377,1,Partner,1
1517,1969,Graduate,Single,30822.0,1,0,14-06-2013,92,3,9,13,2,12,12,1,1,0,3,7,0,0,45,380,51,1,Alone,0
2098,1969,Postgraduate,Married,33581.0,2,0,08-01-2013,38,11,0,5,0,0,1,1,1,0,2,8,0,0,45,537,17,2,Partner,2
9543,1985,Graduate,Married,19986.0,1,0,14-11-2013,74,3,6,5,0,2,6,1,0,0,3,7,0,0,29,227,22,1,Partner,2
6878,1954,Graduate,Widow,27421.0,0,0,12-12-2012,14,43,12,96,78,40,55,3,4,1,6,7,0,0,60,564,324,0,Alone,0
3310,1973,Undergraduate,Married,35688.0,2,1,22-08-2012,94,73,3,90,12,1,32,7,4,1,4,8,0,0,41,676,211,3,Partner,2
2724,1981,Postgraduate,Single,36143.0,1,0,30-03-2014,33,12,0,1,0,0,6,1,0,1,2,3,0,0,33,91,19,1,Alone,0
948,1971,Graduate,Single,10245.0,1,0,15-05-2013,32,4,7,7,6,4,13,3,1,2,2,5,0,0,43,410,41,1,Alone,0
6720,1968,Postgraduate,Together,43795.0,0,1,16-10-2013,11,314,11,53,4,3,107,3,7,3,4,7,0,1,46,256,492,1,Partner,2
6202,1960,Graduate,Together,63381.0,0,1,05-10-2012,78,571,50,142,33,50,159,4,4,5,13,2,0,0,54,632,1005,1,Partner,1
2066,1949,Graduate,Together,38823.0,0,1,30-08-2012,56,70,0,11,2,8,23,1,2,1,3,6,0,0,65,668,114,1,Partner,2
9799,1968,Postgraduate,Divorced,83664.0,1,1,08-05-2013,57,866,21,151,28,21,86,3,2,2,12,5,0,0,46,417,1173,2,Alone,3
8318,1979,Graduate,Together,90300.0,0,0,03-01-2014,7,594,134,786,33,134,57,0,5,6,8,1,0,0,35,177,1738,0,Partner,1
5642,1979,Postgraduate,Together,62499.0,1,0,09-12-2013,0,140,4,61,0,13,4,2,3,1,6,4,0,0,35,202,222,1,Partner,2
2669,1993,Graduate,Single,74293.0,0,0,04-05-2014,66,375,152,335,93,91,81,1,5,4,6,2,0,0,21,56,1127,0,Alone,3
455,1946,Postgraduate,Married,51012.0,0,0,18-04-2013,86,102,9,63,2,9,24,1,4,1,4,6,0,0,68,437,209,0,Partner,2
7683,1968,Postgraduate,Married,70777.0,0,1,25-02-2014,80,554,35,113,0,7,78,3,5,3,12,3,0,0,46,124,787,1,Partner,1
3428,1991,Postgraduate,Together,68682.0,0,0,06-10-2013,56,919,0,505,99,30,45,1,4,9,10,2,0,0,23,266,1598,0,Partner,1
7414,1971,Graduate,Married,43824.0,1,1,15-09-2012,18,96,1,42,12,3,32,4,3,1,4,8,0,0,43,652,186,2,Partner,2
6354,1984,Graduate,Together,15345.0,1,0,31-08-2012,51,5,2,16,3,2,19,2,1,1,2,8,0,1,30,667,47,1,Partner,2
798,1987,Graduate,Single,23442.0,1,0,24-12-2012,71,2,0,6,8,6,5,1,1,0,3,7,0,0,27,552,27,1,Alone,0
8213,1980,Undergraduate,Together,14515.0,1,0,09-11-2012,71,6,4,9,6,36,35,4,2,2,3,7,0,1,34,597,96,1,Partner,2
2488,1956,Undergraduate,Divorced,31395.0,1,1,23-03-2013,80,23,1,25,0,8,7,4,2,1,3,6,0,0,58,463,64,2,Alone,0
9999,1965,Graduate,Together,75276.0,0,0,27-09-2012,2,610,105,125,137,42,21,1,9,4,9,5,0,0,49,640,1040,0,Partner,1
7617,1974,Graduate,Single,42373.0,1,1,15-08-2013,83,67,5,61,3,8,19,5,2,1,5,5,0,0,40,318,163,2,Alone,0
615,1960,Graduate,Together,30507.0,0,0,11-03-2013,29,65,36,74,38,20,110,1,5,1,4,7,0,0,54,475,343,0,Partner,2
2552,1955,Postgraduate,Single,55521.0,1,2,22-10-2013,11,416,0,26,0,0,4,9,6,3,6,7,0,1,59,250,446,3,Alone,0
194,1965,Graduate,Married,48006.0,1,1,09-06-2014,55,23,0,11,3,2,2,1,1,0,3,6,0,0,49,20,41,2,Partner,2
3645,1972,Postgraduate,Single,27213.0,1,0,30-08-2012,19,19,3,26,10,9,3,3,2,0,4,8,0,1,42,668,70,1,Alone,0
8890,1971,Postgraduate,Divorced,65808.0,1,1,30-05-2014,1,155,7,80,13,7,10,3,5,1,5,6,0,0,43,30,272,2,Alone,0
5049,1974,Postgraduate,Together,30351.0,1,0,06-06-2013,19,14,0,24,3,3,2,1,3,0,2,9,0,0,40,388,46,1,Partner,2
9973,1963,Graduate,Married,50437.0,0,2,17-10-2012,28,370,9,92,6,9,4,3,7,1,8,7,0,0,51,620,490,2,Partner,2
7301,1982,Undergraduate,Single,23616.0,1,0,17-11-2012,76,4,22,11,3,7,32,2,3,0,3,8,0,1,32,589,79,1,Alone,0
10882,1976,Graduate,Married,53858.0,0,1,09-11-2012,50,407,53,221,58,150,26,4,4,3,6,4,0,0,38,597,915,1,Partner,1
7030,1955,Postgraduate,Married,66465.0,0,1,30-03-2013,1,1200,0,204,38,29,14,3,11,9,12,6,0,0,59,456,1485,1,Partner,1
7422,1987,Graduate,Single,46923.0,1,0,22-08-2012,90,85,44,54,102,78,6,3,5,1,7,7,0,0,27,676,369,1,Alone,0
3523,1962,Graduate,Together,75072.0,0,1,23-01-2013,83,583,34,309,0,22,125,2,5,4,8,3,0,0,52,522,1073,1,Partner,1
7106,1943,Postgraduate,Married,75865.0,0,0,31-03-2014,73,483,0,591,156,0,12,1,3,5,10,1,0,0,71,90,1242,0,Partner,1
6504,1975,Undergraduate,Together,19789.0,1,0,20-11-2013,24,2,5,9,28,6,28,3,2,1,3,5,0,0,39,221,78,1,Partner,2
5067,1994,Graduate,Together,80134.0,0,0,14-02-2014,11,966,26,282,52,26,26,1,2,7,11,5,0,0,20,135,1378,0,Partner,1
4216,1981,Graduate,Single,91065.0,0,0,22-02-2013,33,822,114,108,179,137,114,1,7,9,9,3,0,1,33,492,1474,0,Alone,3
8581,1971,Postgraduate,Married,49505.0,1,1,05-03-2013,4,604,0,100,19,0,28,9,10,2,8,8,0,0,43,481,751,2,Partner,2
5929,1973,Postgraduate,Married,37401.0,1,0,06-05-2014,14,19,3,19,3,1,3,2,2,0,3,7,0,0,41,54,48,1,Partner,2
3129,1983,Graduate,Married,30096.0,1,0,22-05-2014,30,5,3,11,12,5,9,1,2,0,3,6,0,0,31,38,45,1,Partner,2
6528,1982,Postgraduate,Together,18492.0,1,0,05-06-2014,75,2,2,2,2,1,1,1,1,0,2,8,0,0,32,24,10,1,Partner,2
1361,1974,Postgraduate,Married,82584.0,0,0,04-06-2013,26,1076,68,103,29,91,68,1,3,4,8,1,0,1,40,390,1435,0,Partner,1
6932,1941,Postgraduate,Married,93027.0,0,0,13-04-2013,77,1285,42,716,55,0,21,0,7,10,5,2,0,0,73,442,2119,0,Partner,1
7284,1953,Graduate,Married,48686.0,1,2,04-12-2013,8,10,0,7,2,0,1,1,1,0,2,8,0,0,61,207,20,3,Partner,2
1340,1986,Graduate,Married,92910.0,0,0,24-04-2014,42,551,137,792,179,103,33,1,6,7,13,1,0,0,28,66,1795,0,Partner,1
8746,1989,Graduate,Married,75433.0,1,0,05-04-2014,28,800,0,297,0,34,57,2,2,5,10,6,0,0,25,85,1188,1,Partner,1
5987,1989,Undergraduate,Together,10404.0,1,0,04-05-2014,52,2,2,11,10,6,12,2,1,0,4,5,0,0,25,56,43,1,Partner,2
3767,1968,Graduate,Married,61314.0,0,1,25-04-2013,1,378,0,189,97,172,172,2,5,5,12,3,0,0,46,430,1008,1,Partner,1
3725,1961,Postgraduate,Single,84865.0,0,0,09-05-2013,1,1248,16,349,43,16,16,1,2,4,9,4,0,1,53,416,1688,0,Alone,3
4324,1989,Graduate,Married,42387.0,1,0,29-10-2012,42,235,0,235,19,4,191,5,8,1,7,8,0,0,25,608,684,1,Partner,2
238,1967,Undergraduate,Together,67309.0,1,1,23-01-2013,76,515,47,181,149,95,95,15,9,6,9,7,0,0,47,522,1082,2,Partner,1
6694,1964,Graduate,Married,75236.0,0,1,25-11-2013,27,438,66,400,12,38,114,1,8,3,13,4,0,0,50,216,1068,1,Partner,1
498,1970,Graduate,Single,30015.0,1,0,02-02-2014,28,25,0,22,2,3,5,2,1,0,4,5,0,0,44,147,57,1,Alone,0
9347,1956,Postgraduate,Together,50943.0,0,1,21-06-2013,49,31,0,7,2,0,6,1,1,0,3,5,0,0,58,373,46,1,Partner,2
9699,1966,Graduate,Divorced,67272.0,0,1,21-12-2013,12,357,35,271,28,28,14,3,6,2,12,5,0,0,48,190,733,1,Alone,3
10664,1949,Postgraduate,Widow,51529.0,0,1,07-09-2013,14,400,4,35,6,0,22,2,9,1,5,8,0,0,65,295,467,1,Alone,0
5455,1971,Postgraduate,Married,32011.0,1,0,22-08-2013,89,99,0,15,2,1,5,3,2,1,4,7,0,0,43,311,122,1,Partner,2
456,1986,Undergraduate,Married,7500.0,1,0,07-02-2013,96,1,11,5,4,6,9,2,2,0,3,8,0,0,28,507,36,1,Partner,2
5012,1989,Graduate,Married,28691.0,1,0,04-07-2013,56,5,4,13,8,0,4,1,1,0,3,8,0,0,25,360,34,1,Partner,2
7495,1948,Postgraduate,Married,56223.0,0,1,20-12-2013,72,77,28,31,16,0,4,2,2,1,5,4,0,0,66,191,156,1,Partner,2
5029,1946,Graduate,Married,18100.0,0,0,06-08-2013,14,3,1,2,4,3,1,1,0,0,3,5,0,0,68,327,14,0,Partner,2
10642,1989,Graduate,Single,30279.0,1,0,30-12-2012,13,10,4,14,4,4,1,1,1,0,3,8,0,0,25,546,37,1,Alone,0
2106,1974,Undergraduate,Married,20130.0,0,0,17-03-2014,99,0,6,3,7,6,12,1,1,0,3,8,0,0,40,104,34,0,Partner,2
10364,1959,Graduate,Divorced,23295.0,0,0,13-07-2013,72,0,0,1,2,12,5,1,1,0,2,8,0,0,55,351,20,0,Alone,0
5954,1972,Postgraduate,Divorced,42618.0,1,0,09-10-2013,92,76,14,74,13,5,10,2,5,0,4,8,0,0,42,263,192,1,Alone,0
1137,1964,Graduate,Single,81246.0,0,0,29-12-2013,87,398,190,537,61,156,37,1,4,5,7,1,0,0,50,182,1379,0,Alone,3
2541,1976,Graduate,Married,24027.0,1,0,09-06-2013,7,14,7,11,11,0,5,2,2,0,3,8,0,0,38,385,48,1,Partner,2
1142,1953,Postgraduate,Married,55707.0,0,1,22-12-2013,91,208,7,82,30,66,35,2,3,2,9,3,0,0,61,189,428,1,Partner,1
2276,1955,Graduate,Single,57959.0,0,1,02-05-2013,71,430,16,322,43,24,33,5,4,7,11,3,0,0,59,423,868,1,Alone,3
2807,1969,Graduate,Married,56796.0,0,1,16-02-2013,24,656,38,161,62,47,37,3,8,9,7,7,0,0,45,498,1001,1,Partner,1
6471,1971,Postgraduate,Single,36230.0,1,0,17-10-2013,17,14,2,30,8,2,3,1,2,0,4,5,0,0,43,255,59,1,Alone,0
6131,1980,Undergraduate,Married,70829.0,1,1,01-12-2013,87,141,70,106,72,19,23,2,4,2,8,3,0,0,34,210,431,2,Partner,2
6233,1976,Graduate,Married,65991.0,0,1,07-09-2012,21,507,19,364,25,47,9,3,9,5,10,7,0,0,38,660,971,1,Partner,1
4148,1972,Graduate,Married,38988.0,1,2,20-08-2012,90,164,24,103,12,3,42,7,5,1,6,8,0,0,42,678,348,3,Partner,2
4947,1966,Undergraduate,Single,89572.0,0,0,15-09-2012,44,606,24,974,197,194,64,1,7,7,9,4,0,1,48,652,2059,0,Alone,3
3225,1984,Postgraduate,Married,42207.0,1,0,01-04-2013,71,116,11,72,3,17,46,4,4,1,5,6,0,1,30,454,265,1,Partner,2
7540,1952,Graduate,Married,50300.0,0,1,25-05-2014,52,143,15,60,24,23,5,2,2,1,8,2,0,0,62,35,270,1,Partner,2
10648,1982,Undergraduate,Together,66664.0,0,0,25-09-2012,78,398,96,447,220,96,32,1,5,7,6,3,0,0,32,642,1289,0,Partner,1
1992,1964,Graduate,Married,60597.0,0,1,01-01-2014,2,522,0,257,32,16,66,4,2,2,8,7,0,1,50,179,893,1,Partner,2
7851,1949,Graduate,Widow,70165.0,0,0,22-09-2013,60,161,0,253,199,191,122,1,3,7,11,1,0,0,65,280,926,0,Alone,3
8594,1958,Postgraduate,Widow,50520.0,0,1,28-01-2014,25,112,0,6,2,1,14,2,3,1,3,6,0,0,56,152,135,1,Alone,0
7059,1963,Graduate,Married,80124.0,0,0,26-06-2014,47,483,84,398,205,84,241,1,3,7,8,1,0,0,51,3,1495,0,Partner,1
2815,1975,Graduate,Married,33183.0,1,0,24-02-2014,46,7,5,39,17,15,37,2,4,0,3,7,0,0,39,125,120,1,Partner,2
2416,1969,Postgraduate,Single,66582.0,0,0,03-03-2014,83,789,25,420,16,38,0,1,2,8,9,1,0,0,45,118,1288,0,Alone,3
7999,1955,Postgraduate,Together,75261.0,0,0,23-04-2013,17,1239,17,413,23,34,17,1,5,6,5,2,0,1,59,432,1743,0,Partner,1
9213,1970,Graduate,Widow,31880.0,1,0,31-10-2012,13,4,1,5,2,0,3,1,1,0,2,8,0,0,44,606,15,1,Alone,0
9697,1951,Graduate,Married,53790.0,0,2,06-03-2014,86,335,42,127,28,5,5,3,7,2,8,6,0,0,63,115,542,2,Partner,2
3916,1971,Postgraduate,Together,49269.0,1,0,15-08-2012,92,639,8,166,11,8,58,3,7,3,12,7,0,0,43,683,890,1,Partner,1
2021,1975,Graduate,Married,61456.0,0,1,27-03-2013,47,563,76,384,84,192,89,4,6,10,13,4,0,0,39,459,1388,1,Partner,1
1581,1980,Graduate,Married,37406.0,1,0,10-10-2013,18,2,0,8,2,2,3,1,1,0,2,8,0,1,34,262,17,1,Partner,2
564,1981,Postgraduate,Together,56937.0,1,0,04-08-2012,81,746,8,125,11,8,8,7,8,6,9,6,0,1,33,694,906,1,Partner,1
6619,1978,Graduate,Married,38415.0,1,1,02-01-2013,91,22,1,13,4,0,4,2,1,0,3,7,0,0,36,543,44,2,Partner,2
9081,1988,Graduate,Single,20518.0,1,0,18-05-2014,58,4,1,6,4,1,9,1,1,1,2,5,0,0,26,42,25,1,Alone,0
178,1956,Graduate,Married,62503.0,0,1,18-02-2013,40,478,0,193,110,75,117,4,8,3,11,5,0,0,58,496,973,1,Partner,1
916,1972,Postgraduate,Single,41644.0,1,1,09-05-2014,67,20,3,4,2,0,2,2,1,0,3,3,0,0,42,51,31,2,Alone,0
5512,1977,Postgraduate,Married,55842.0,0,1,23-05-2014,19,451,0,39,0,4,24,1,7,1,8,5,0,0,37,37,518,1,Partner,1
8970,1972,Postgraduate,Married,62010.0,0,1,23-10-2012,93,371,22,39,6,0,92,4,6,2,7,5,0,0,42,614,530,1,Partner,1
10581,1977,Graduate,Married,41124.0,1,0,31-10-2012,41,281,7,84,15,0,119,7,7,3,4,8,0,0,37,606,506,1,Partner,2
5300,1973,Postgraduate,Married,38961.0,1,0,30-12-2013,60,19,7,19,0,1,24,1,2,1,2,7,0,0,41,181,70,1,Partner,2
5154,1972,Postgraduate,Divorced,37760.0,1,0,11-08-2013,54,26,3,13,2,10,0,1,2,0,3,6,0,0,42,322,54,1,Alone,0
8346,1974,Graduate,Single,32233.0,1,0,19-08-2012,26,138,15,35,25,11,72,2,6,2,2,9,0,1,40,679,296,1,Alone,0
1676,1975,Graduate,Married,43057.0,0,1,30-10-2013,30,213,2,44,0,2,5,4,4,2,5,5,0,0,39,242,266,1,Partner,2
9286,1960,Postgraduate,Together,83151.0,0,0,10-10-2012,93,407,28,100,120,74,18,1,5,9,4,3,0,0,54,627,747,0,Partner,1
2426,1964,Postgraduate,Divorced,78825.0,0,0,14-09-2012,35,483,74,114,169,37,18,1,5,10,13,3,0,1,50,653,895,0,Alone,3
5172,1976,Postgraduate,Together,65104.0,0,1,14-11-2013,4,738,0,232,13,20,50,2,3,5,7,7,0,0,38,227,1053,1,Partner,1
5562,1974,Graduate,Married,60093.0,0,1,26-06-2013,92,502,12,109,16,6,90,2,7,2,10,6,0,0,40,368,735,1,Partner,1
3436,1969,Graduate,Married,14045.0,1,0,26-01-2014,24,11,0,5,2,1,1,1,1,0,3,7,0,0,45,154,20,1,Partner,2
3921,1952,Undergraduate,Widow,28457.0,0,0,28-10-2012,96,24,1,108,29,29,14,1,4,1,4,8,0,0,62,609,205,0,Alone,0
3403,1958,Postgraduate,Together,78952.0,0,1,24-09-2012,11,1170,19,594,99,76,134,2,2,5,12,6,0,0,56,643,2092,1,Partner,1
22,1976,Graduate,Divorced,46310.0,1,0,03-12-2012,99,185,2,88,15,5,14,2,6,1,5,8,0,0,38,573,309,1,Alone,0
10965,1955,Graduate,Together,76005.0,0,0,22-02-2013,72,983,20,389,240,50,40,1,3,5,13,6,0,0,59,492,1722,0,Partner,1
9426,1964,Postgraduate,Single,58308.0,0,1,12-01-2013,77,691,0,69,10,0,130,4,2,6,3,8,0,0,50,533,900,1,Alone,0
6605,1944,Postgraduate,Divorced,55614.0,0,0,27-11-2013,85,504,13,131,8,0,26,1,9,4,6,7,0,0,70,214,682,0,Alone,3
3136,1962,Postgraduate,Divorced,59432.0,0,1,13-04-2013,88,317,25,265,25,19,12,3,5,3,11,5,0,0,52,442,663,1,Alone,3
8737,1978,Graduate,Divorced,55563.0,0,1,05-04-2014,22,29,1,9,2,0,2,1,2,0,3,3,0,0,36,85,43,1,Alone,0
11088,1971,Postgraduate,Together,78642.0,0,1,21-04-2013,83,1396,0,322,46,35,17,1,4,9,4,6,0,0,43,434,1816,1,Partner,1
716,1949,Postgraduate,Together,67911.0,0,1,22-05-2014,63,529,0,356,63,28,0,3,6,7,11,3,0,0,65,38,976,1,Partner,1
466,1944,Graduate,Married,65275.0,0,0,03-04-2013,9,388,14,218,91,14,21,1,4,3,13,2,0,0,70,452,746,0,Partner,1
9135,1950,Graduate,Together,27203.0,1,1,06-08-2012,92,13,2,21,4,0,24,2,1,1,2,8,0,0,64,692,64,2,Partner,2
10623,1961,Postgraduate,Together,48330.0,0,1,15-11-2013,2,28,0,4,0,0,0,1,1,0,3,5,0,0,53,226,32,1,Partner,2
8151,1990,Undergraduate,Married,24279.0,0,0,29-12-2012,6,16,36,21,20,62,108,1,4,1,3,8,0,0,24,547,263,0,Partner,2
5140,1985,Postgraduate,Married,64355.0,1,0,24-08-2012,66,1047,0,140,67,38,153,2,4,3,12,8,0,0,29,674,1445,1,Partner,1
10160,1956,Postgraduate,Together,50943.0,0,1,21-06-2013,49,31,0,7,2,0,6,1,1,0,3,5,0,0,58,373,46,1,Partner,2
4945,1953,Graduate,Widow,53653.0,0,0,07-11-2012,29,815,10,239,28,10,108,2,10,4,12,6,0,0,61,599,1210,0,Alone,3
10584,1976,Graduate,Married,65665.0,0,1,02-12-2013,77,225,162,387,106,36,29,1,5,10,8,3,0,0,38,209,945,1,Partner,1
6071,1989,Graduate,Single,81217.0,0,0,19-07-2013,77,493,70,324,146,40,84,1,3,7,11,1,0,0,25,345,1157,0,Alone,3
3386,1992,Graduate,Married,34935.0,0,0,21-06-2013,71,34,4,66,3,10,20,1,2,1,4,7,0,0,22,373,137,0,Partner,2
8939,1959,Graduate,Divorced,61250.0,0,1,16-12-2012,49,382,138,65,60,26,59,6,5,2,12,5,0,0,55,560,730,1,Alone,3
9925,1981,Postgraduate,Together,39665.0,1,0,25-05-2013,97,127,1,56,0,1,31,3,4,2,3,7,0,0,33,400,216,1,Partner,2
4320,1979,Graduate,Single,60152.0,0,1,28-03-2013,6,325,83,300,86,58,91,1,6,4,12,3,0,0,35,458,943,1,Alone,3
5389,1964,Graduate,Married,48920.0,0,2,20-10-2013,93,238,17,68,8,10,6,3,6,2,5,7,0,0,50,252,347,2,Partner,2
6036,1959,Postgraduate,Together,89120.0,0,0,17-03-2014,78,1168,92,408,72,129,55,1,5,6,7,1,0,0,55,104,1924,0,Partner,1
182,1946,Postgraduate,Together,44124.0,0,1,11-05-2013,62,284,0,55,0,6,52,4,6,2,5,8,0,0,68,414,397,1,Partner,2
203,1975,Postgraduate,Single,81169.0,0,0,14-04-2013,47,1288,20,613,80,61,27,1,5,7,9,2,0,0,39,441,2089,0,Alone,3
11025,1961,Graduate,Married,36443.0,1,1,03-02-2013,9,65,0,46,4,3,20,4,3,1,3,8,0,0,53,511,138,2,Partner,2
10203,1990,Graduate,Single,26095.0,1,0,30-06-2013,77,11,7,9,3,1,11,1,1,0,3,7,0,0,24,364,42,1,Alone,0
4607,1959,Graduate,Together,71367.0,0,0,23-08-2013,24,227,23,389,42,21,75,1,4,5,7,2,0,0,55,310,777,0,Partner,1
3711,1944,Postgraduate,Married,80184.0,0,0,01-03-2014,19,1035,134,670,25,38,0,1,6,3,10,3,0,0,70,120,1902,0,Partner,1
3696,1965,Graduate,Divorced,30630.0,1,1,27-01-2014,67,27,1,12,2,0,10,2,2,0,3,7,0,0,49,153,52,2,Alone,0
2532,1987,Postgraduate,Single,73454.0,0,0,01-03-2014,95,982,73,351,56,14,175,1,2,4,6,5,0,0,27,120,1651,0,Alone,3
9214,1991,Graduate,Married,42691.0,0,0,16-08-2013,48,179,2,64,38,17,58,1,5,1,6,5,0,0,23,317,358,0,Partner,2
4943,1953,Graduate,Married,70503.0,0,0,30-09-2012,73,1379,33,216,0,33,66,1,2,4,9,6,0,0,61,637,1727,0,Partner,1
35,1987,Graduate,Married,25545.0,1,0,08-09-2012,35,32,1,64,16,12,85,3,2,2,3,6,0,1,27,659,210,1,Partner,2
2258,1986,Graduate,Married,32880.0,1,0,04-12-2012,76,8,4,15,7,6,2,1,1,0,3,8,0,0,28,572,42,1,Partner,2
4322,1958,Postgraduate,Together,77863.0,0,0,27-11-2013,20,881,38,319,16,25,12,1,4,5,10,2,0,0,56,214,1291,0,Partner,1
713,1977,Postgraduate,Married,50353.0,0,0,08-06-2014,72,141,15,153,67,31,35,1,4,4,6,3,0,0,37,21,442,0,Partner,1
4702,1964,Graduate,Single,61839.0,0,0,12-08-2012,20,1000,155,379,224,17,120,1,4,8,4,8,0,0,50,686,1895,0,Alone,3
3281,1960,Postgraduate,Married,49154.0,1,1,03-11-2013,69,206,10,67,30,27,71,6,4,1,8,6,0,0,54,238,411,2,Partner,2
702,1975,Undergraduate,Widow,47682.0,0,1,15-02-2013,80,162,61,83,97,57,61,4,4,3,8,5,0,0,39,499,521,1,Alone,0
2004,1969,Graduate,Single,72679.0,0,1,18-09-2013,65,619,54,260,127,54,54,1,4,7,5,1,0,0,45,284,1168,1,Alone,3
4769,1977,Postgraduate,Together,57954.0,1,1,18-06-2014,52,456,4,24,0,0,9,7,8,2,6,7,0,0,37,11,493,2,Partner,2
4437,1962,Graduate,Married,65316.0,1,1,24-04-2013,65,112,6,92,3,9,38,2,3,2,5,4,0,0,52,431,260,2,Partner,2
8724,1982,Graduate,Single,28567.0,1,0,17-06-2013,57,11,3,22,2,2,6,2,2,0,3,6,0,0,32,377,46,1,Alone,0
10741,1951,Postgraduate,Together,47352.0,0,1,11-04-2013,70,172,12,112,8,0,15,4,6,1,5,7,0,0,63,444,319,1,Partner,2
1991,1967,Graduate,Together,44931.0,0,1,18-01-2014,0,78,0,11,0,0,7,1,2,1,3,5,0,0,47,162,96,1,Partner,2
6931,1967,Graduate,Divorced,76982.0,0,0,15-02-2014,19,464,151,292,65,60,30,1,8,3,4,4,0,1,47,134,1062,0,Alone,3
11096,1952,Undergraduate,Together,57247.0,0,1,08-08-2013,50,99,4,32,37,54,6,2,2,1,7,2,0,0,62,325,232,1,Partner,2
304,1981,Postgraduate,Single,22944.0,1,0,23-12-2013,67,19,3,19,4,5,26,3,3,0,3,7,0,0,33,188,76,1,Alone,0
3665,1977,Undergraduate,Together,25315.0,1,0,07-11-2013,46,1,9,8,11,3,22,3,3,0,3,8,0,0,37,234,54,1,Partner,2
10591,1969,Graduate,Widow,43638.0,0,1,06-08-2012,37,63,10,83,7,19,19,2,4,1,4,7,0,0,45,692,201,1,Alone,0
5036,1984,Postgraduate,Single,42710.0,1,0,28-11-2012,38,252,3,42,4,3,102,2,4,5,3,6,0,0,30,578,406,1,Alone,0
5547,1982,Postgraduate,Married,84169.0,0,0,07-08-2013,9,1478,19,403,0,19,0,1,7,6,6,3,0,1,32,326,1919,0,Partner,1
7822,1976,Graduate,Together,54058.0,0,1,04-06-2013,56,198,18,252,32,108,54,2,4,6,8,3,0,0,38,390,662,1,Partner,1
8541,1990,Undergraduate,Married,24683.0,1,0,08-03-2014,98,8,4,10,6,7,6,2,2,0,4,5,0,0,24,113,41,1,Partner,2
10955,1964,Graduate,Widow,85620.0,0,0,07-01-2014,68,416,46,925,60,107,46,1,3,6,4,1,0,1,50,173,1600,0,Alone,3
4368,1980,Graduate,Married,47850.0,1,0,03-12-2013,72,42,7,43,20,12,10,1,3,0,4,6,0,0,34,208,134,1,Partner,2
9671,1968,Graduate,Married,19514.0,1,1,26-01-2014,47,14,3,21,2,1,28,4,3,1,2,8,0,1,46,154,69,2,Partner,2
2256,1973,Postgraduate,Married,27159.0,1,1,29-03-2014,33,17,0,3,0,0,1,2,1,0,3,6,0,0,41,92,21,2,Partner,2
4279,1963,Undergraduate,Single,39548.0,1,1,31-03-2014,87,15,4,10,3,4,18,2,1,1,3,3,0,0,51,90,54,2,Alone,0
5371,1989,Graduate,Single,21474.0,1,0,08-04-2014,0,6,16,24,11,0,34,2,3,1,2,7,0,1,25,82,91,1,Alone,0
9240,1971,Postgraduate,Single,60504.0,0,1,07-02-2014,73,458,0,24,6,4,34,2,6,2,8,6,0,0,43,142,526,1,Alone,3
9460,1963,Graduate,Married,22419.0,0,0,18-04-2013,74,30,3,47,19,21,42,1,3,2,2,8,0,0,51,437,162,0,Partner,2
9504,1949,Postgraduate,Married,81698.0,0,0,06-11-2013,4,179,28,520,111,123,47,1,3,8,13,1,0,1,65,235,1008,0,Partner,1
8692,1952,Graduate,Together,43462.0,1,1,12-09-2012,50,90,17,97,15,6,15,6,4,1,5,8,0,0,62,655,240,2,Partner,2
448,1978,Postgraduate,Single,54880.0,1,0,01-03-2013,57,308,85,137,102,45,118,2,6,2,11,5,0,0,36,485,795,1,Alone,3
8314,1982,Graduate,Married,79908.0,0,0,05-04-2013,30,557,129,761,29,185,111,1,5,6,7,2,0,0,32,450,1772,0,Partner,1
8420,1970,Undergraduate,Married,15315.0,0,0,03-08-2013,27,7,4,13,15,8,17,2,2,0,4,5,0,0,44,330,64,0,Partner,2
3174,1959,Graduate,Together,87771.0,0,1,22-05-2013,61,1492,38,287,50,57,33,1,5,10,4,6,0,1,55,403,1957,1,Partner,1
7685,1978,Graduate,Married,33039.0,1,0,09-09-2013,4,30,8,12,8,8,12,1,2,0,4,5,0,0,36,293,78,1,Partner,2
3179,1980,Graduate,Single,81741.0,0,0,16-06-2013,75,249,153,940,58,134,38,0,6,6,7,2,0,0,34,378,1572,0,Alone,3
9780,1971,Postgraduate,Together,71499.0,0,1,25-06-2013,12,465,25,132,136,0,37,2,8,3,13,4,0,0,43,369,795,1,Partner,1
10681,1970,Undergraduate,Married,62466.0,0,1,15-01-2014,13,129,129,259,168,121,83,5,6,3,12,4,0,0,44,165,889,1,Partner,1
10232,1963,Postgraduate,Divorced,48799.0,0,1,05-11-2013,9,174,18,81,28,6,24,3,3,2,7,3,0,0,51,236,331,1,Alone,0
4184,1950,Postgraduate,Together,52157.0,0,1,07-06-2014,48,189,2,29,3,2,40,2,3,2,5,4,0,0,64,22,265,1,Partner,2
9120,1962,Graduate,Single,66565.0,0,1,05-12-2012,80,747,10,161,65,40,42,4,4,2,9,8,0,0,52,571,1065,1,Alone,3
891,1951,Postgraduate,Together,29298.0,1,1,07-09-2013,60,6,0,2,2,0,1,1,1,0,2,5,0,0,63,295,11,2,Partner,2
10381,1979,Graduate,Single,47691.0,0,1,05-07-2013,43,14,0,3,0,0,4,1,1,0,2,6,0,0,35,359,21,1,Alone,0
3525,1970,Graduate,Together,38200.0,1,1,07-12-2012,19,12,0,4,0,0,1,1,1,0,2,7,0,0,44,569,17,2,Partner,2
6818,1974,Graduate,Married,44989.0,0,1,12-09-2012,26,98,0,106,49,10,106,5,5,1,5,6,0,0,40,655,369,1,Partner,2
3526,1968,Postgraduate,Married,38443.0,1,1,27-01-2014,58,32,0,5,0,0,1,2,1,0,3,7,0,0,46,153,38,2,Partner,2
8181,1978,Undergraduate,Single,38593.0,1,0,13-09-2013,42,51,12,49,17,24,24,3,4,1,3,8,0,0,36,289,177,1,Alone,0
1029,1970,Postgraduate,Together,64413.0,0,1,01-08-2013,27,200,5,44,0,10,20,1,5,1,5,5,0,0,44,332,279,1,Partner,2
7369,1981,Postgraduate,Married,36959.0,1,0,02-10-2013,56,25,6,25,6,0,0,2,2,0,3,8,0,0,33,270,62,1,Partner,2
2574,1977,Postgraduate,Married,61996.0,0,1,31-01-2013,27,1050,12,144,0,0,24,3,6,4,8,5,0,1,37,514,1230,1,Partner,1
8159,1968,Graduate,Married,51287.0,1,1,01-04-2014,10,117,0,22,13,0,30,3,4,1,3,7,0,0,46,89,182,2,Partner,2
1160,1970,Graduate,Married,13260.0,1,1,23-08-2013,48,9,4,17,10,2,7,4,3,0,3,8,0,0,44,310,49,2,Partner,2
10242,1966,Postgraduate,Together,47472.0,1,1,16-09-2013,39,56,0,11,0,0,8,2,2,0,4,5,0,0,48,286,75,2,Partner,2
5253,1956,Postgraduate,Together,54603.0,1,1,09-07-2013,85,145,13,46,17,2,4,6,4,2,4,7,0,0,58,355,227,2,Partner,2
5966,1974,Postgraduate,Married,45207.0,1,1,10-11-2012,64,203,0,10,0,0,2,5,3,1,6,6,0,0,40,596,215,2,Partner,2
5314,1951,Graduate,Together,40689.0,0,1,18-03-2013,69,270,3,27,39,6,99,7,7,1,5,8,0,0,63,468,444,1,Partner,2
5081,1967,Undergraduate,Together,47821.0,1,1,20-10-2013,54,9,0,16,6,6,10,1,1,0,3,8,0,0,47,252,47,2,Partner,2
5123,1951,Postgraduate,Married,27450.0,0,0,15-04-2013,57,37,12,23,8,11,52,1,2,1,3,7,0,0,63,440,143,0,Partner,2
5756,1983,Graduate,Together,39453.0,1,0,03-04-2014,64,46,0,7,0,0,2,2,2,0,3,6,0,0,31,87,55,1,Partner,2
8036,1971,Undergraduate,Together,26850.0,1,1,18-04-2014,10,31,1,13,7,2,9,4,2,1,4,4,0,0,43,72,63,2,Partner,2
9058,1955,Graduate,Widow,79800.0,0,0,23-09-2012,65,1060,21,530,32,0,224,1,5,11,5,3,0,1,59,644,1867,0,Alone,3
5057,1961,Postgraduate,Married,61794.0,0,1,14-09-2013,74,264,47,188,54,47,11,2,4,4,10,2,0,0,53,288,611,1,Partner,1
254,1955,Graduate,Together,53863.0,0,1,17-05-2014,4,399,4,30,6,4,30,3,7,1,7,7,0,0,59,43,473,1,Partner,2
4179,1959,Graduate,Together,24221.0,0,0,20-08-2013,94,8,9,9,2,5,22,1,1,1,3,4,0,0,55,313,55,0,Partner,2
3710,1984,Postgraduate,Single,39684.0,1,0,12-10-2012,41,19,0,35,6,4,17,2,2,1,2,7,1,1,30,625,81,1,Alone,0
7627,1975,Postgraduate,Married,92163.0,0,0,12-12-2012,25,817,183,797,106,163,20,0,5,11,5,2,0,1,39,564,2086,0,Partner,1
4501,1965,Postgraduate,Single,69882.0,0,0,10-11-2013,94,292,127,635,132,127,165,1,3,7,9,1,0,0,49,231,1478,0,Alone,3
6424,1977,Graduate,Together,33178.0,1,0,30-01-2014,9,12,6,2,11,2,16,1,1,0,3,4,0,0,37,150,49,1,Partner,2
3075,1972,Postgraduate,Married,59973.0,0,0,11-09-2013,47,130,30,168,20,34,0,1,3,4,7,1,0,0,42,291,382,0,Partner,1
4992,1975,Postgraduate,Together,17459.0,1,0,19-09-2013,12,6,4,16,3,10,30,3,3,1,2,7,0,1,39,283,69,1,Partner,2
5252,1969,Graduate,Divorced,23910.0,1,0,26-10-2012,80,16,12,18,7,1,13,1,2,0,3,7,0,0,45,611,67,1,Alone,0
7444,1969,Postgraduate,Married,42169.0,1,1,19-10-2013,20,19,0,9,0,0,2,2,1,0,3,8,0,0,45,253,30,2,Partner,2
6919,1978,Undergraduate,Married,26224.0,1,0,04-06-2013,39,4,7,15,13,9,15,3,2,1,3,6,0,0,36,390,63,1,Partner,2
3537,1981,Graduate,Together,31089.0,1,0,17-08-2012,57,31,3,31,2,8,4,3,3,0,4,8,0,0,33,681,79,1,Partner,2
10277,1961,Graduate,Single,30081.0,0,1,21-02-2013,27,36,0,2,0,0,4,1,1,0,3,7,0,0,53,493,42,1,Alone,0
2453,1960,Graduate,Together,62807.0,0,1,31-08-2012,83,526,28,135,10,21,99,3,5,3,12,5,0,0,54,667,819,1,Partner,1
7972,1955,Graduate,Single,72906.0,0,0,17-09-2013,79,400,32,519,71,75,54,1,3,4,9,1,0,0,59,285,1151,0,Alone,3
895,1948,Postgraduate,Married,61467.0,0,2,09-12-2012,69,410,16,114,0,5,49,3,5,2,10,5,0,0,66,567,594,2,Partner,1
1177,1966,Postgraduate,Together,49618.0,1,1,26-01-2013,77,80,3,26,4,2,14,4,3,1,3,7,0,0,48,519,129,2,Partner,2
7141,1986,Postgraduate,Single,21888.0,1,0,29-12-2012,15,88,10,46,2,3,64,4,5,1,2,10,0,1,28,547,213,1,Alone,0
7232,1973,Graduate,Widow,42429.0,0,1,11-02-2014,99,55,0,6,2,0,4,2,1,1,3,5,0,0,41,138,67,1,Alone,0
8477,1956,Graduate,Divorced,26150.0,2,1,11-03-2013,61,5,1,13,3,5,1,1,1,0,3,7,0,0,58,475,28,3,Alone,0
2457,1975,Undergraduate,Married,30801.0,0,1,26-10-2012,23,8,4,5,15,2,11,2,1,0,3,7,0,0,39,611,45,1,Partner,2
988,1965,Graduate,Married,81168.0,0,0,07-05-2014,84,410,0,592,147,22,22,1,6,4,7,3,0,0,49,53,1193,0,Partner,1
7930,1969,Postgraduate,Single,26877.0,0,0,19-08-2013,74,101,13,76,20,18,40,2,3,1,6,6,0,0,45,314,268,0,Alone,0
4587,1944,Postgraduate,Widow,45006.0,0,0,18-07-2013,90,162,25,53,16,0,10,1,3,1,7,3,0,0,70,346,266,0,Alone,3
6682,1973,Undergraduate,Married,18978.0,1,0,11-12-2012,41,2,8,1,4,7,15,1,1,0,3,8,0,0,41,565,37,1,Partner,2
6222,1967,Graduate,Married,22574.0,2,1,28-10-2013,28,25,0,8,2,0,2,2,2,0,3,7,0,0,47,244,37,3,Partner,2
10299,1969,Postgraduate,Single,48240.0,0,0,09-11-2012,73,389,91,248,64,49,41,3,6,3,13,5,0,1,45,597,882,0,Alone,3
3083,1974,Graduate,Married,45837.0,1,1,26-07-2013,88,215,13,87,17,17,24,5,6,2,5,7,0,0,40,338,373,2,Partner,2
8953,1965,Postgraduate,Single,35791.0,2,1,06-05-2013,94,27,0,5,0,0,3,2,1,0,3,8,0,0,49,419,35,3,Alone,0
1503,1976,Postgraduate,Together,162397.0,1,1,03-06-2013,31,85,1,16,2,1,2,0,0,0,1,1,0,0,38,391,107,2,Partner,1
8650,1978,Graduate,Widow,54162.0,1,1,18-03-2013,31,5,6,10,6,5,10,1,1,0,3,4,0,0,36,468,42,2,Alone,0
10862,1960,Postgraduate,Married,30522.0,0,1,17-08-2012,6,179,8,83,19,11,26,5,1,2,9,2,0,0,54,681,326,1,Partner,2
2782,1961,Postgraduate,Married,54456.0,0,1,11-07-2013,23,352,0,27,10,0,15,3,6,1,7,6,0,0,53,353,404,1,Partner,2
6941,1971,Graduate,Single,31632.0,0,0,14-07-2013,92,17,8,12,11,15,32,1,2,1,2,7,0,0,43,350,95,0,Alone,0
10972,1949,Graduate,Widow,72298.0,0,0,10-03-2014,52,625,35,169,58,17,35,1,4,3,6,1,0,0,65,111,939,0,Alone,3
10708,1978,Undergraduate,Single,36975.0,1,0,28-12-2013,50,10,6,11,0,4,2,1,1,0,3,7,0,0,36,183,33,1,Alone,0
6583,1955,Undergraduate,Married,72635.0,0,0,03-06-2013,54,390,22,323,104,35,107,1,6,8,6,3,0,0,59,391,981,0,Partner,1
3641,1976,Graduate,Married,13624.0,1,0,20-01-2013,93,10,2,15,2,1,6,2,2,0,3,6,0,0,38,525,36,1,Partner,2
10156,1975,Graduate,Single,84196.0,0,1,03-06-2013,56,215,63,507,231,31,190,1,8,4,7,3,0,0,39,391,1237,1,Alone,3
4299,1960,Graduate,Together,70971.0,0,1,21-09-2012,28,1001,17,572,93,125,17,7,11,11,5,7,0,1,54,646,1825,1,Partner,1
3469,1977,Postgraduate,Divorced,34487.0,1,1,06-09-2012,94,19,18,33,24,1,8,3,3,0,3,9,0,0,37,661,103,2,Alone,0
5063,1977,Graduate,Single,28769.0,1,0,18-12-2012,76,41,5,129,10,3,3,3,4,1,4,9,0,0,37,558,191,1,Alone,0
10727,1970,Postgraduate,Married,69084.0,1,0,19-11-2013,43,1181,107,199,39,30,30,2,7,3,13,8,0,0,44,222,1586,1,Partner,1
9624,1958,Postgraduate,Together,65488.0,0,0,13-06-2014,46,603,45,207,36,18,54,1,3,4,6,1,0,0,56,16,963,0,Partner,1
5156,1970,Undergraduate,Married,62466.0,0,1,15-01-2014,13,129,129,259,168,121,83,5,6,3,12,4,0,0,44,165,889,1,Partner,1
4376,1960,Undergraduate,Single,32218.0,0,0,15-02-2014,27,10,24,15,13,1,30,1,2,1,3,7,0,1,54,134,93,0,Alone,0
8923,1973,Graduate,Single,83917.0,0,0,18-04-2013,12,514,22,732,42,198,79,1,6,7,7,3,0,1,41,437,1587,0,Alone,3
8461,1962,Graduate,Divorced,46102.0,2,1,10-03-2014,3,14,0,1,0,0,1,1,1,0,2,7,0,0,52,111,16,3,Alone,0
6945,1952,Graduate,Single,84574.0,0,0,04-06-2013,72,387,20,713,38,54,163,1,9,11,11,5,0,0,62,390,1375,0,Alone,3
944,1962,Graduate,Married,56181.0,0,1,08-01-2013,6,121,103,69,8,44,48,1,4,2,7,4,0,0,52,537,393,1,Partner,1
1907,1950,Postgraduate,Divorced,63120.0,0,1,28-09-2012,53,965,69,279,54,41,69,5,8,4,9,7,0,1,64,639,1477,1,Alone,3
701,1971,Graduate,Married,73691.0,0,1,06-11-2013,58,707,21,250,85,43,73,2,6,2,8,2,0,0,43,235,1179,1,Partner,1
3856,1960,Graduate,Together,63381.0,0,1,05-10-2012,78,571,50,142,33,50,159,4,4,5,13,2,0,0,54,632,1005,1,Partner,1
4149,1948,Postgraduate,Together,76140.0,0,0,13-05-2014,57,586,66,653,17,0,26,1,5,9,6,2,0,0,66,47,1348,0,Partner,1
2131,1959,Postgraduate,Divorced,62859.0,0,1,30-12-2012,37,1063,89,102,16,12,25,4,9,4,6,6,0,0,55,546,1307,1,Alone,3
2942,1964,Graduate,Single,45906.0,0,1,07-05-2013,20,305,3,27,4,3,144,2,5,4,4,5,0,0,50,418,486,1,Alone,0
1173,1947,Postgraduate,Together,77632.0,0,0,10-03-2013,73,1200,105,758,0,42,147,1,4,2,6,2,0,1,67,476,2252,0,Partner,1
4381,1971,Postgraduate,Married,46463.0,1,1,18-08-2013,56,163,2,40,8,11,11,7,3,1,6,6,0,0,43,315,235,2,Partner,2
4611,1970,Graduate,Together,105471.0,0,0,21-01-2013,36,1009,181,104,202,21,207,0,9,8,13,3,0,1,44,524,1724,0,Partner,1
3376,1970,Postgraduate,Divorced,55282.0,1,0,13-12-2013,9,125,6,73,8,4,19,1,3,1,6,4,0,0,44,198,235,1,Alone,0
4679,1977,Postgraduate,Married,78710.0,0,1,23-05-2014,42,721,0,152,119,50,50,3,7,6,12,4,0,0,37,37,1092,1,Partner,1
10928,1958,Graduate,Together,66886.0,0,1,16-09-2013,28,315,4,62,41,31,146,2,7,1,7,5,0,0,56,286,599,1,Partner,1
4248,1960,Postgraduate,Single,98777.0,0,0,17-02-2014,23,1000,19,711,125,115,38,0,4,6,9,1,0,0,54,132,2008,0,Alone,3
6728,1985,Graduate,Together,29103.0,1,0,27-08-2012,38,16,0,17,6,3,6,2,1,0,3,9,0,0,29,671,48,1,Partner,2
6661,1974,Graduate,Married,67445.0,0,1,12-08-2012,63,757,80,217,29,80,11,5,9,6,12,6,0,0,40,686,1174,1,Partner,1
4725,1950,Postgraduate,Together,50616.0,0,1,13-04-2014,71,30,2,25,0,1,9,1,1,1,4,2,0,0,64,77,67,1,Partner,2
3277,1955,Graduate,Divorced,49431.0,0,1,03-08-2012,9,219,3,100,26,0,17,2,7,1,5,8,0,0,59,695,365,1,Alone,0
5555,1975,Graduate,Divorced,153924.0,0,0,07-02-2014,81,1,1,1,1,1,1,0,0,0,0,0,0,0,39,142,6,0,Alone,3
2564,1953,Graduate,Together,61278.0,0,1,04-01-2014,87,111,3,28,2,6,15,2,3,1,4,6,0,0,61,176,165,1,Partner,2
946,1958,Undergraduate,Together,26490.0,0,0,22-09-2012,92,45,47,52,21,20,25,2,3,1,5,6,0,0,56,645,210,0,Partner,2
3867,1947,Postgraduate,Together,73059.0,0,1,31-08-2013,36,410,112,420,0,82,71,1,9,3,13,4,0,0,67,302,1095,1,Partner,1
6940,1966,Postgraduate,Single,46734.0,1,2,21-10-2013,86,100,1,39,6,1,76,4,3,2,3,6,0,0,48,251,223,3,Alone,0
55,1963,Graduate,Together,56253.0,0,1,07-12-2012,83,509,0,65,7,11,5,4,7,2,9,6,0,0,51,569,597,1,Partner,1
7093,1985,Graduate,Married,19986.0,1,0,14-11-2013,74,3,6,5,0,2,6,1,0,0,3,7,0,0,29,227,22,1,Partner,2
5084,1975,Graduate,Widow,58330.0,0,1,25-12-2013,87,445,53,213,104,98,151,1,6,4,13,4,0,0,39,186,1064,1,Alone,3
1777,1980,Undergraduate,Married,25965.0,0,0,07-09-2012,29,2,2,11,41,7,11,1,2,0,3,8,0,0,34,660,74,0,Partner,2
8162,1956,Postgraduate,Together,14661.0,0,0,01-01-2013,88,4,1,11,6,2,2,1,1,0,3,6,0,0,58,544,26,0,Partner,2
10826,1959,Graduate,Married,18690.0,0,0,28-12-2012,77,6,1,7,23,4,19,1,1,1,2,8,0,0,55,548,60,0,Partner,2
8754,1974,Postgraduate,Together,45068.0,0,1,16-05-2013,25,14,0,3,0,0,3,1,1,0,2,7,0,0,40,409,20,1,Partner,2
1987,1987,Undergraduate,Single,21063.0,1,0,25-09-2013,34,1,10,11,19,3,15,2,2,0,3,6,0,0,27,277,59,1,Alone,0
11007,1968,Postgraduate,Married,29187.0,1,0,09-05-2013,43,26,0,6,0,0,2,1,1,0,3,8,0,0,46,416,34,1,Partner,2
7426,1971,Undergraduate,Married,54690.0,1,1,07-11-2013,76,111,16,37,7,9,18,3,3,1,5,3,0,0,43,234,198,2,Partner,2
9153,1964,Postgraduate,Married,59304.0,0,1,29-07-2013,81,418,61,428,80,51,10,3,7,8,10,5,0,0,50,335,1048,1,Partner,1
10379,1962,Postgraduate,Single,59247.0,0,2,08-11-2013,87,327,9,122,19,14,83,5,5,2,9,6,0,0,52,233,574,2,Alone,0
9204,1970,Graduate,Widow,66731.0,0,1,12-09-2012,33,371,159,194,58,106,141,4,4,3,6,3,0,0,44,655,1029,1,Alone,3
3197,1980,Graduate,Married,77353.0,0,1,16-12-2013,38,275,59,107,69,101,59,2,6,4,8,4,0,0,34,195,670,1,Partner,1
2920,1975,Postgraduate,Single,52614.0,0,1,01-12-2012,63,789,0,142,12,9,38,2,2,4,8,8,0,0,39,575,990,1,Alone,0
6961,1974,Graduate,Married,26751.0,2,0,22-05-2014,26,1,1,5,0,3,1,1,1,0,2,8,0,0,40,38,11,2,Partner,2
4673,1963,Postgraduate,Married,81300.0,0,1,30-10-2012,17,1004,12,145,32,12,36,3,10,3,5,5,0,1,51,607,1241,1,Partner,1
9937,1979,Graduate,Single,70337.0,0,0,02-01-2014,75,187,81,149,25,43,91,1,2,2,12,1,0,0,35,178,576,0,Alone,3
8779,1985,Undergraduate,Married,36145.0,1,0,16-06-2013,13,56,4,76,17,1,18,4,4,1,3,9,0,1,29,378,172,1,Partner,2
9596,1980,Postgraduate,Single,65295.0,0,0,23-12-2013,19,365,32,117,34,110,6,1,3,3,13,2,0,0,34,188,664,0,Alone,3
2891,1963,Graduate,Divorced,68118.0,0,1,18-10-2013,51,595,23,123,10,23,154,2,8,9,4,6,0,0,51,254,928,1,Alone,3
4910,1967,Graduate,Divorced,68743.0,0,0,30-08-2012,81,1132,134,384,175,134,115,1,11,5,13,7,0,0,47,668,2074,0,Alone,3
75,1982,Undergraduate,Together,41039.0,0,0,25-07-2013,32,34,11,137,179,61,45,1,8,1,5,8,0,0,32,339,467,0,Partner,2
10120,1955,Graduate,Together,38946.0,0,1,24-10-2013,84,116,6,82,6,6,41,2,3,1,6,5,0,0,59,248,257,1,Partner,2
6327,1967,Graduate,Together,65777.0,0,0,19-12-2013,87,565,32,435,28,32,54,1,2,8,6,1,0,0,47,192,1146,0,Partner,1
10142,1976,Postgraduate,Divorced,66476.0,0,1,07-03-2013,99,372,18,126,47,48,78,2,5,2,11,4,0,0,38,479,689,1,Alone,3
9826,1972,Postgraduate,Single,86857.0,0,0,12-09-2012,96,899,102,838,133,102,40,1,5,6,10,2,0,1,42,655,2114,0,Alone,3
1501,1982,Postgraduate,Married,160803.0,0,0,04-08-2012,21,55,16,1622,17,3,4,15,0,28,1,0,0,0,32,694,1717,0,Partner,1
10767,1989,Postgraduate,Together,77845.0,0,0,16-05-2014,40,760,40,480,0,40,26,1,3,5,12,1,0,0,25,44,1346,0,Partner,1
7279,1969,Postgraduate,Together,69476.0,0,0,30-09-2013,3,260,86,559,63,9,67,1,4,6,4,2,0,0,45,272,1044,0,Partner,1
7230,1960,Postgraduate,Divorced,50611.0,0,1,04-10-2012,98,459,0,24,6,0,4,6,4,5,7,6,0,1,54,633,493,1,Alone,0
143,1970,Graduate,Single,61209.0,0,0,25-08-2013,73,466,0,224,119,49,99,1,5,3,4,2,0,0,44,308,957,0,Alone,3
450,1958,Postgraduate,Together,42315.0,0,1,12-07-2013,90,67,15,80,17,11,80,3,1,4,4,3,0,0,56,352,270,1,Partner,2
9316,1952,Undergraduate,Together,13084.0,0,0,02-11-2013,29,2,0,7,3,7,10,1,1,0,3,6,0,0,62,239,29,0,Partner,2
6379,1949,Postgraduate,Widow,47570.0,1,1,29-05-2013,3,67,1,20,0,2,31,3,2,2,2,7,0,1,65,396,121,2,Alone,0
9239,1961,Postgraduate,Married,61923.0,0,2,26-07-2013,94,92,4,18,3,3,6,1,2,1,4,3,0,0,53,338,126,2,Partner,2
8315,1995,Graduate,Single,34824.0,0,0,26-03-2014,65,4,2,11,2,0,4,1,1,0,2,6,0,0,19,95,23,0,Alone,0
2868,1949,Postgraduate,Single,26518.0,1,1,08-04-2013,33,20,1,28,3,3,2,3,2,0,3,8,0,1,65,447,57,2,Alone,0
10888,1961,Graduate,Single,45938.0,0,0,03-11-2013,46,273,11,178,62,83,29,2,8,4,6,6,0,0,53,238,636,0,Alone,3
1277,1960,Graduate,Together,78468.0,0,0,09-04-2014,29,434,22,388,104,22,34,1,10,7,10,4,0,0,54,81,1004,0,Partner,1
9977,1973,Graduate,Divorced,78901.0,0,1,17-09-2013,99,321,11,309,33,26,34,3,9,3,5,4,0,0,41,285,734,1,Alone,3
10196,1978,Graduate,Married,71427.0,2,0,12-03-2014,26,212,123,177,15,64,23,2,8,2,8,4,0,0,36,109,614,2,Partner,1
6384,1978,Graduate,Divorced,71022.0,0,1,11-02-2014,30,909,12,278,0,12,242,3,5,2,11,8,0,0,36,138,1453,1,Alone,3
8029,1988,Postgraduate,Single,90247.0,0,0,29-04-2014,27,1184,32,352,21,16,16,1,3,4,7,1,0,1,26,61,1621,0,Alone,3
968,1968,Postgraduate,Divorced,41335.0,1,0,26-12-2013,24,112,19,21,16,14,5,3,4,1,4,7,0,0,46,185,187,1,Alone,0
6988,1986,Graduate,Married,71952.0,1,0,10-01-2013,93,656,80,455,52,107,93,2,8,4,8,4,0,0,28,535,1443,1,Partner,1
4472,1970,Postgraduate,Divorced,35682.0,1,0,27-06-2014,34,23,0,8,6,2,18,1,1,1,3,2,0,0,44,2,57,1,Alone,0
6991,1951,Graduate,Divorced,43185.0,0,1,10-04-2013,88,537,6,42,16,6,30,2,9,3,6,8,0,0,63,445,637,1,Alone,0
3336,1948,Postgraduate,Together,66375.0,0,1,21-11-2013,96,712,0,45,0,0,191,3,2,4,5,7,0,0,66,220,948,1,Partner,1
4301,1971,Postgraduate,Married,35178.0,1,0,10-01-2013,10,23,1,13,2,2,18,1,1,1,2,7,0,1,43,535,59,1,Partner,2
1940,1986,Graduate,Married,25252.0,1,0,12-07-2013,26,1,3,4,2,2,6,1,1,0,2,8,0,0,28,352,18,1,Partner,2
1272,1965,Postgraduate,Single,55250.0,0,1,21-10-2012,49,664,58,83,32,0,66,4,7,5,10,5,0,0,49,616,903,1,Alone,3
1388,1975,Graduate,Single,33249.0,1,0,20-02-2013,11,6,10,21,19,14,42,2,2,1,3,6,0,0,39,494,112,1,Alone,0
1044,1953,Graduate,Together,58398.0,0,0,14-05-2013,44,299,5,201,21,21,49,3,5,4,8,4,0,0,61,411,596,0,Partner,1
6969,1982,Graduate,Together,50272.0,1,0,07-08-2013,75,99,13,66,43,8,4,3,4,1,5,7,0,0,32,326,233,1,Partner,2
10479,1975,Postgraduate,Married,76618.0,0,0,07-12-2012,64,749,40,294,121,160,147,1,3,2,5,1,0,0,39,569,1511,0,Partner,1
3619,1960,Undergraduate,Divorced,87305.0,0,0,23-09-2012,19,345,25,501,63,138,80,1,5,3,8,2,0,1,54,644,1152,0,Alone,3
1715,1978,Graduate,Together,25851.0,1,0,11-02-2013,45,9,4,18,7,5,5,2,2,0,3,7,0,0,36,503,48,1,Partner,2
10159,1970,Graduate,Divorced,58710.0,0,1,31-03-2013,77,440,81,368,0,122,174,6,11,5,9,6,0,0,44,455,1185,1,Alone,3
1463,1958,Graduate,Single,45160.0,1,1,29-03-2014,9,8,2,5,3,0,3,1,1,0,2,7,0,0,56,92,21,2,Alone,0
5114,1965,Postgraduate,Married,74806.0,0,1,19-12-2012,1,670,9,249,0,28,9,2,5,4,5,4,0,0,49,557,965,1,Partner,1
4990,1954,Graduate,Married,59111.0,0,0,02-05-2013,90,524,0,134,28,28,155,1,11,1,8,7,0,0,60,423,869,0,Partner,1
4329,1984,Postgraduate,Married,18988.0,1,0,23-05-2014,43,6,0,6,2,1,1,2,1,0,3,7,0,0,30,37,16,1,Partner,2
10936,1965,Graduate,Married,72190.0,0,0,13-02-2013,79,597,166,597,172,166,249,1,5,6,4,3,0,0,49,501,1947,0,Partner,1
4692,1976,Graduate,Married,7500.0,1,0,01-08-2012,19,7,0,12,13,7,32,5,4,1,2,9,0,1,38,697,71,1,Partner,2
7212,1966,Graduate,Married,44794.0,0,1,08-06-2014,99,54,0,7,0,0,4,1,2,0,3,6,0,0,48,21,65,1,Partner,2
6086,1955,Graduate,Married,80395.0,0,0,23-11-2013,62,445,25,706,80,76,48,1,6,5,12,2,0,0,59,218,1380,0,Partner,1
437,1976,Postgraduate,Divorced,75012.0,0,0,25-01-2014,41,294,142,218,164,58,151,1,3,8,11,1,0,0,38,155,1027,0,Alone,3
11171,1965,Postgraduate,Married,56962.0,2,1,11-10-2013,60,292,3,77,10,3,26,7,6,3,5,7,0,0,49,261,411,3,Partner,2
11101,1991,Graduate,Together,89891.0,0,0,15-04-2013,17,412,22,132,59,28,183,1,11,6,8,4,0,0,23,440,836,0,Partner,1
5329,1949,Postgraduate,Divorced,35946.0,1,1,27-09-2013,24,8,0,3,0,0,0,1,0,0,3,5,0,0,65,275,11,2,Alone,0
610,1953,Postgraduate,Together,53593.0,1,1,07-08-2012,60,349,4,78,6,0,43,8,7,2,6,8,0,0,61,691,480,2,Partner,2
9384,1978,Graduate,Married,66373.0,1,1,12-06-2013,57,328,9,124,12,24,109,7,4,2,10,3,0,0,36,382,606,2,Partner,1
5956,1948,Postgraduate,Divorced,45072.0,1,2,16-10-2013,74,144,2,99,7,2,30,5,6,1,4,8,0,0,66,256,284,3,Alone,0
10430,1973,Graduate,Divorced,89694.0,1,1,09-10-2013,22,1126,28,211,37,28,42,3,4,3,4,5,0,0,41,263,1472,2,Alone,3
7875,1949,Graduate,Married,72025.0,0,0,29-04-2014,46,967,0,617,43,50,0,1,4,8,13,2,0,1,65,61,1677,0,Partner,1
7072,1973,Graduate,Married,67432.0,0,1,29-03-2013,69,432,79,341,177,136,170,2,8,5,4,4,0,0,41,457,1335,1,Partner,1
6255,1952,Postgraduate,Together,70545.0,0,1,03-06-2014,29,138,39,63,55,18,21,1,4,1,7,2,0,0,62,26,334,1,Partner,1
6516,1989,Undergraduate,Married,17487.0,1,0,18-03-2013,37,0,0,1,7,4,6,1,1,0,2,7,0,0,25,468,18,1,Partner,2
5564,1969,Graduate,Together,62882.0,0,1,09-08-2012,26,509,133,497,78,24,97,2,7,5,6,4,0,0,45,689,1338,1,Partner,1
5682,1953,Postgraduate,Single,64108.0,0,1,23-03-2013,8,948,10,86,13,21,21,4,6,9,11,5,0,0,61,463,1099,1,Alone,3
7458,1956,Postgraduate,Together,34941.0,1,1,06-03-2013,26,39,2,25,4,3,24,2,3,0,3,8,0,0,58,480,97,2,Partner,2
5237,1950,Postgraduate,Single,48767.0,1,2,01-01-2014,79,28,1,21,3,0,10,3,2,1,3,5,0,0,64,179,63,3,Alone,0
7761,1978,Undergraduate,Together,38702.0,1,0,01-08-2013,71,13,11,24,13,8,40,2,3,0,4,6,0,0,36,332,109,1,Partner,2
5278,1964,Graduate,Married,82224.0,0,0,25-01-2014,83,307,26,360,138,31,40,1,6,9,5,3,0,0,50,155,902,0,Partner,1
3560,1952,Graduate,Together,83844.0,0,0,12-05-2013,57,901,31,345,75,31,191,1,4,4,11,1,0,0,62,413,1574,0,Partner,1
7235,1975,Undergraduate,Married,17003.0,1,0,09-12-2013,37,2,5,12,4,8,7,3,2,0,4,5,0,0,39,202,38,1,Partner,2
10548,1995,Graduate,Single,71163.0,0,0,09-03-2014,30,283,17,372,138,106,44,1,3,8,12,1,0,0,19,112,960,0,Alone,3
2281,1970,Graduate,Single,33697.0,1,0,15-09-2013,34,4,3,7,0,3,11,1,1,0,2,7,0,0,44,287,28,1,Alone,0
4073,1954,Undergraduate,Married,63564.0,0,0,29-01-2014,0,769,80,252,15,34,65,1,10,10,7,6,0,1,60,151,1215,0,Partner,1
6974,1972,Postgraduate,Together,83443.0,0,0,31-12-2013,89,518,42,742,55,56,84,1,6,10,5,2,0,0,42,180,1497,0,Partner,1
7938,1958,Postgraduate,Together,51518.0,0,1,03-10-2013,92,350,8,66,17,4,4,2,3,2,10,3,0,0,56,269,449,1,Partner,1
7094,1975,Graduate,Widow,58330.0,0,1,25-12-2013,87,445,53,213,104,98,151,1,6,4,13,4,0,0,39,186,1064,1,Alone,3
3667,1969,Graduate,Married,80952.0,0,0,28-02-2013,20,778,178,689,41,27,44,1,8,5,11,8,0,1,45,486,1757,0,Partner,1
7723,1979,Graduate,Together,75507.0,0,0,02-05-2014,56,709,93,374,104,80,80,1,8,6,6,3,0,0,35,58,1440,0,Partner,1
3870,1978,Undergraduate,Together,63855.0,0,0,09-02-2013,28,359,35,314,93,116,89,1,7,3,13,4,0,0,36,505,1006,0,Partner,1
4012,1972,Postgraduate,Together,62220.0,0,1,11-08-2012,55,799,12,375,16,12,12,5,7,6,5,6,0,1,42,687,1226,1,Partner,1
5909,1964,Graduate,Married,58512.0,0,1,19-09-2013,25,895,10,101,13,0,152,5,3,4,8,8,0,0,50,283,1171,1,Partner,1
10470,1979,Postgraduate,Married,40662.0,1,0,15-03-2013,0,40,2,23,0,4,23,2,2,1,3,4,0,0,35,471,92,1,Partner,2
6488,1959,Postgraduate,Married,38829.0,0,1,06-04-2014,86,76,0,7,0,0,16,1,3,2,2,5,0,0,55,84,99,1,Partner,2
10270,1981,Undergraduate,Married,35523.0,1,0,03-10-2013,8,11,5,22,12,5,11,2,3,0,3,7,0,0,33,269,66,1,Partner,2
6887,1967,Graduate,Single,79146.0,1,1,24-04-2014,33,245,16,223,21,43,16,2,8,1,8,6,0,0,47,66,564,2,Alone,3
6406,1988,Postgraduate,Married,78285.0,0,0,28-10-2013,13,647,107,391,175,67,40,1,6,4,10,3,0,0,26,244,1427,0,Partner,1
7573,1978,Postgraduate,Single,31626.0,1,0,10-05-2013,12,39,1,9,2,1,34,1,2,1,2,7,0,1,36,415,86,1,Alone,0
4508,1952,Graduate,Single,75127.0,0,0,22-05-2014,92,203,35,305,46,17,227,1,2,11,5,1,0,0,62,38,833,0,Alone,3
221,1955,Graduate,Married,48726.0,0,1,27-04-2013,90,138,3,38,4,0,59,3,3,2,4,6,0,0,59,428,242,1,Partner,2
5331,1977,Graduate,Married,74985.0,0,0,11-09-2012,8,587,51,898,247,0,86,1,3,6,7,2,0,0,37,656,1869,0,Partner,1
1911,1987,Graduate,Together,67430.0,0,0,05-09-2012,6,595,97,291,127,133,121,1,11,5,12,6,0,0,27,662,1364,0,Partner,1
20,1965,Undergraduate,Married,46891.0,0,1,01-09-2013,91,43,12,23,29,15,61,1,2,1,4,4,0,0,49,301,183,1,Partner,2
8786,1956,Postgraduate,Married,62058.0,0,1,26-05-2013,52,301,7,74,10,0,58,4,6,1,7,6,0,0,58,399,450,1,Partner,2
10582,1979,Graduate,Married,72063.0,0,1,03-07-2013,3,180,32,348,76,32,90,2,5,2,12,2,0,0,35,361,758,1,Partner,1
1915,1951,Postgraduate,Married,78939.0,0,0,12-12-2013,57,794,115,243,150,0,205,1,8,5,6,3,0,0,63,199,1507,0,Partner,1
8897,1965,Graduate,Single,42720.0,1,1,24-04-2013,9,392,5,91,28,26,112,8,7,3,7,8,0,1,49,431,654,2,Alone,0
2371,1972,Graduate,Married,33622.0,1,1,13-04-2013,22,39,1,22,3,4,12,3,2,0,4,7,0,0,42,442,81,2,Partner,2
4303,1957,Postgraduate,Together,6835.0,0,1,08-12-2012,76,107,2,12,2,2,12,0,0,0,1,20,0,0,57,568,137,1,Partner,2
6825,1953,Graduate,Together,41452.0,1,1,06-03-2013,86,13,0,3,0,0,0,1,1,0,2,7,0,0,61,480,16,2,Partner,2
1072,1965,Postgraduate,Single,40760.0,0,1,30-08-2013,64,70,0,17,0,0,6,2,2,1,3,6,0,0,49,303,93,1,Alone,0
4964,1958,Postgraduate,Together,74250.0,0,0,26-01-2014,90,680,11,392,75,0,0,1,2,11,4,1,0,0,56,154,1158,0,Partner,1
2461,1955,Postgraduate,Single,51124.0,1,1,18-12-2013,79,26,1,11,0,1,4,2,1,0,3,3,0,0,59,193,43,2,Alone,0
10736,1971,Graduate,Single,72258.0,0,1,12-09-2013,28,522,0,522,227,120,134,2,6,9,5,2,0,0,43,290,1525,1,Alone,3
3194,1974,Postgraduate,Single,71466.0,0,0,05-04-2014,86,412,12,546,78,182,0,1,4,4,10,1,0,0,40,85,1230,0,Alone,3
10839,1976,Graduate,Together,36283.0,1,1,14-04-2014,42,6,5,5,8,0,5,2,1,0,3,4,0,0,38,76,29,2,Partner,2
49,1970,Graduate,Single,20587.0,1,0,11-05-2014,39,2,3,6,4,1,9,1,1,1,2,7,0,0,44,49,25,1,Alone,0
4290,1972,Graduate,Married,30467.0,1,0,19-03-2014,8,1,3,8,2,5,5,1,1,0,2,7,0,0,42,102,24,1,Partner,2
10219,1972,Graduate,Together,31590.0,1,0,18-06-2013,40,6,2,15,6,6,3,1,1,0,3,8,0,0,42,376,38,1,Partner,2
4211,1986,Undergraduate,Married,20425.0,1,0,29-10-2012,5,4,12,5,3,16,17,2,2,0,3,7,0,0,28,608,57,1,Partner,2
1135,1960,Postgraduate,Together,17144.0,1,1,15-02-2014,96,18,2,19,0,2,6,5,3,0,4,7,0,0,54,134,47,2,Partner,2
6299,1968,Postgraduate,Divorced,42564.0,0,1,02-01-2013,28,324,48,186,39,18,198,6,6,8,4,7,0,1,46,543,813,1,Alone,3
10846,1978,Postgraduate,Married,43783.0,1,0,29-05-2014,22,327,9,125,25,4,139,6,7,1,8,7,0,0,36,31,629,1,Partner,2
347,1976,Graduate,Divorced,40780.0,0,1,08-09-2012,30,229,27,71,13,3,34,4,7,1,5,9,0,0,38,659,377,1,Alone,0
6543,1945,Postgraduate,Together,62847.0,0,0,15-01-2013,45,521,168,706,80,76,61,1,3,6,4,2,0,0,69,530,1612,0,Partner,1
10446,1957,Postgraduate,Married,82017.0,0,0,07-11-2012,58,184,23,446,30,23,23,1,5,4,7,2,0,1,57,599,729,0,Partner,1
3479,1950,Graduate,Single,16813.0,0,0,19-07-2013,49,4,8,11,12,2,13,1,2,0,3,7,0,0,64,345,50,0,Alone,0
11075,1978,Graduate,Married,51267.0,1,1,29-10-2013,37,183,2,64,7,2,12,4,3,3,5,4,0,0,36,243,270,2,Partner,2
4442,1961,Graduate,Single,46524.0,0,1,05-04-2013,70,31,19,35,26,14,52,2,1,1,5,3,0,0,53,450,177,1,Alone,0
199,1962,Postgraduate,Single,45183.0,0,0,20-01-2013,33,219,3,60,12,9,12,1,4,1,7,7,0,0,52,525,315,0,Alone,0
6722,1954,Postgraduate,Married,70421.0,0,1,28-06-2014,98,479,28,136,75,14,35,3,10,3,7,6,0,0,60,1,767,1,Partner,1
796,1965,Undergraduate,Divorced,60161.0,0,1,23-10-2012,17,584,44,212,46,8,177,3,11,4,8,8,0,0,49,614,1071,1,Alone,3
3749,1973,Graduate,Together,73926.0,0,0,02-03-2013,54,627,91,597,159,91,15,1,6,5,12,3,0,0,41,484,1580,0,Partner,1
8523,1968,Graduate,Married,19329.0,1,0,14-12-2013,39,24,1,16,12,2,5,3,4,0,3,8,0,0,46,197,60,1,Partner,2
310,1970,Postgraduate,Married,61872.0,0,1,13-12-2013,81,330,5,159,36,27,16,4,4,4,9,4,0,0,44,198,573,1,Partner,1
8629,1956,Graduate,Widow,46984.0,1,1,26-03-2013,71,19,1,10,2,1,8,1,1,0,3,5,0,0,58,460,41,2,Alone,0
236,1951,Graduate,Married,34838.0,1,1,19-01-2013,62,28,23,29,29,14,47,3,2,1,4,6,0,0,63,526,170,2,Partner,2
9930,1944,Postgraduate,Single,82716.0,0,0,05-11-2013,8,606,148,228,15,148,22,1,6,8,13,2,0,0,70,236,1167,0,Alone,3
3483,1958,Graduate,Married,48192.0,0,0,06-04-2013,76,1039,43,204,153,58,29,3,2,8,12,8,0,1,56,449,1526,0,Partner,1
4599,1976,Postgraduate,Married,49681.0,0,2,04-11-2013,66,411,0,26,0,0,21,6,7,1,7,7,0,0,38,237,458,2,Partner,2
7326,1971,Postgraduate,Married,56850.0,0,1,23-03-2014,83,34,1,19,2,7,0,1,1,1,3,2,0,0,43,98,63,1,Partner,2
7352,1957,Graduate,Married,55267.0,0,1,21-10-2013,28,161,28,136,32,3,45,4,3,4,6,3,0,0,57,251,405,1,Partner,1
2350,1972,Graduate,Married,59666.0,1,1,22-03-2013,87,623,53,178,23,17,133,7,3,2,8,8,0,0,42,464,1027,2,Partner,2
9145,1972,Graduate,Single,72504.0,0,1,06-04-2013,43,604,26,470,123,161,94,2,5,9,6,2,0,0,42,449,1478,1,Alone,3
2964,1981,Graduate,Married,26872.0,0,0,16-10-2013,0,3,10,8,3,16,32,1,1,1,2,6,0,0,33,256,72,0,Partner,2
5585,1972,Graduate,Single,21359.0,1,0,20-04-2013,1,12,2,17,6,1,10,2,2,0,3,8,0,1,42,435,48,1,Alone,0
9687,1975,Graduate,Single,73170.0,0,0,31-05-2014,1,184,174,256,50,30,32,1,5,4,6,2,0,0,39,29,726,0,Alone,3
3732,1955,Postgraduate,Married,52750.0,0,1,04-02-2013,72,393,0,239,90,69,69,6,5,7,9,4,0,0,59,510,860,1,Partner,1
6303,1986,Postgraduate,Together,91820.0,0,0,23-11-2013,72,410,73,747,76,161,30,0,5,5,12,1,0,0,28,218,1497,0,Partner,1
11176,1970,Postgraduate,Together,65968.0,0,1,12-05-2014,12,376,9,83,19,4,4,2,5,4,7,3,0,0,44,48,495,1,Partner,1
2986,1976,Graduate,Married,30772.0,1,1,12-03-2014,89,7,2,4,2,1,4,1,1,0,2,6,0,0,38,109,20,2,Partner,2
7462,1954,Graduate,Single,22507.0,0,0,24-11-2012,67,68,0,226,51,157,68,3,10,2,4,9,0,0,60,582,570,0,Alone,0
3900,1972,Graduate,Married,65685.0,0,1,29-03-2014,54,642,14,49,0,7,57,1,9,2,9,5,0,0,42,92,769,1,Partner,1
7034,1978,Undergraduate,Married,25804.0,1,0,01-09-2013,34,8,7,9,13,6,12,2,2,0,3,8,0,0,36,301,55,1,Partner,2
9493,1980,Postgraduate,Single,76412.0,0,0,05-05-2013,15,840,53,804,23,71,17,1,5,4,8,3,0,1,34,420,1808,0,Alone,3
1143,1972,Graduate,Married,22063.0,1,0,08-08-2013,43,7,10,13,3,11,11,2,2,0,3,7,0,0,42,325,55,1,Partner,2
1,1961,Graduate,Single,57091.0,0,0,15-06-2014,0,464,5,64,7,0,37,1,7,3,7,5,0,1,53,14,577,0,Alone,3
3855,1963,Graduate,Married,22419.0,0,0,18-04-2013,74,30,3,47,19,21,42,1,3,2,2,8,0,0,51,437,162,0,Partner,2
5536,1959,Graduate,Together,87771.0,0,1,22-05-2013,61,1492,38,287,50,57,33,1,5,10,4,6,0,1,55,403,1957,1,Partner,1
5989,1959,Undergraduate,Divorced,78353.0,0,1,16-04-2013,51,752,122,476,39,153,34,1,10,2,11,8,0,0,55,439,1576,1,Alone,3
9499,1954,Graduate,Married,93404.0,1,2,07-05-2013,97,1279,15,287,20,0,15,3,3,4,7,5,0,0,60,418,1616,3,Partner,1
6768,1962,Graduate,Divorced,37859.0,1,2,12-01-2013,75,22,1,8,2,1,2,2,1,0,3,8,0,0,52,533,36,3,Alone,0
2150,1958,Postgraduate,Widow,80995.0,0,1,11-05-2013,83,860,28,409,73,56,56,1,8,9,4,4,0,0,56,414,1482,1,Alone,3
6646,1984,Graduate,Together,16529.0,1,0,01-03-2014,23,3,0,5,13,0,1,1,1,0,3,6,0,0,30,120,22,1,Partner,2
4887,1976,Postgraduate,Divorced,55412.0,1,1,22-11-2013,65,10,5,28,11,1,8,1,2,0,3,5,0,0,38,219,63,2,Alone,0
8560,1992,Graduate,Single,48789.0,0,0,10-09-2012,94,351,16,156,7,5,145,1,6,4,7,6,0,0,22,657,680,0,Alone,3
3321,1967,Postgraduate,Together,56575.0,0,2,05-05-2013,42,421,5,90,0,16,10,3,7,3,7,5,0,0,47,420,542,2,Partner,2
11003,1980,Undergraduate,Together,25130.0,1,0,02-10-2013,10,2,5,7,0,18,18,2,2,0,3,7,0,0,34,270,50,1,Partner,2
10402,1967,Graduate,Married,35441.0,1,1,14-02-2013,94,25,1,9,2,1,1,2,1,0,3,8,0,0,47,500,39,2,Partner,2
9904,1956,Graduate,Married,71391.0,0,1,29-03-2013,50,336,123,274,46,123,141,5,6,5,12,3,0,0,58,457,1043,1,Partner,1
6141,1972,Postgraduate,Single,49494.0,1,0,25-04-2013,46,191,9,97,0,6,82,2,6,1,5,7,0,0,42,430,385,1,Alone,0
5687,1980,Graduate,Divorced,81702.0,0,0,23-09-2012,98,563,50,774,28,31,187,1,7,7,12,3,0,0,34,644,1633,0,Alone,3
10856,1980,Undergraduate,Single,45889.0,0,1,02-07-2013,42,31,0,6,0,1,8,1,1,0,3,6,0,0,34,362,46,1,Alone,0
5121,1977,Graduate,Single,56628.0,0,1,21-03-2014,30,479,5,82,7,17,171,2,7,6,5,5,0,0,37,100,761,1,Alone,3
4186,1950,Graduate,Together,34026.0,1,1,05-08-2013,11,18,6,15,12,8,17,3,2,1,3,5,0,0,64,328,76,2,Partner,2
368,1974,Graduate,Married,40049.0,0,1,29-11-2012,61,91,65,52,10,44,28,3,3,2,6,5,0,0,40,577,290,1,Partner,2
3312,1988,Graduate,Single,34176.0,1,0,12-05-2014,12,5,7,24,19,14,20,4,3,0,4,6,0,0,26,48,89,1,Alone,0
11121,1981,Graduate,Married,19419.0,1,0,10-11-2012,76,2,14,28,16,3,7,4,4,0,3,9,0,0,33,596,70,1,Partner,2
5332,1960,Undergraduate,Married,82504.0,0,0,27-07-2013,2,362,50,431,134,35,54,1,3,6,7,1,0,0,54,337,1066,0,Partner,1
5848,1970,Graduate,Together,81205.0,0,0,13-01-2014,43,724,74,929,97,55,130,1,5,6,7,2,0,1,44,167,2009,0,Partner,1
10343,1991,Undergraduate,Single,61618.0,0,0,29-09-2012,27,605,91,399,0,45,205,2,3,6,8,3,0,0,23,638,1345,0,Alone,3
5935,1956,Postgraduate,Single,55284.0,0,1,24-12-2012,60,547,7,140,0,7,63,3,7,5,8,5,0,0,58,552,764,1,Alone,3
2895,1963,Graduate,Single,49980.0,0,1,23-10-2013,79,104,1,54,13,9,14,2,3,1,5,5,0,0,51,249,195,1,Alone,0
10262,1980,Graduate,Married,15072.0,2,0,10-05-2013,96,8,2,15,0,10,18,4,3,1,3,5,0,0,34,415,53,2,Partner,2
7848,1974,Graduate,Single,49166.0,0,1,13-06-2013,17,224,2,25,7,0,110,2,5,3,3,6,0,0,40,381,368,1,Alone,0
9477,1954,Postgraduate,Married,65324.0,0,1,11-01-2014,0,384,0,102,21,32,5,3,6,2,9,4,0,0,60,169,544,1,Partner,1
4856,1957,Undergraduate,Married,82347.0,0,0,06-11-2012,38,556,54,845,202,133,63,1,7,7,10,3,0,0,57,600,1853,0,Partner,1
7186,1966,Postgraduate,Together,30843.0,1,1,26-05-2014,43,24,0,2,0,0,9,2,1,1,2,5,0,0,48,34,35,2,Partner,2
5794,1974,Postgraduate,Married,46374.0,0,1,17-03-2014,1,408,0,21,0,0,17,3,7,1,7,8,0,1,40,104,446,1,Partner,2
1456,1979,Graduate,Single,60474.0,0,1,01-04-2013,25,265,199,303,234,9,170,7,10,2,12,7,0,0,35,454,1180,1,Alone,3
4877,1973,Postgraduate,Married,38576.0,0,1,04-03-2014,2,34,0,7,0,0,0,1,1,0,3,7,0,0,41,117,41,1,Partner,2
425,1985,Graduate,Married,55357.0,2,0,19-02-2013,66,374,64,116,84,25,64,3,6,2,11,5,0,0,29,495,727,2,Partner,1
3007,1966,Graduate,Together,37758.0,1,1,04-10-2012,49,27,2,10,0,0,1,2,1,0,3,8,0,0,48,633,40,2,Partner,2
1031,1989,Undergraduate,Married,85710.0,0,0,05-05-2013,5,600,20,350,29,30,33,1,6,9,10,2,0,0,25,420,1062,0,Partner,1
4297,1969,Graduate,Together,23228.0,1,0,26-01-2014,71,13,2,18,6,1,0,2,2,0,3,8,0,0,45,154,40,1,Partner,2
807,1969,Postgraduate,Together,44602.0,1,1,15-02-2014,35,167,2,89,0,0,34,6,6,1,4,8,0,0,45,134,292,2,Partner,2
9553,1987,Graduate,Married,7500.0,0,0,09-01-2013,94,0,2,3,4,1,5,1,0,0,3,6,0,0,27,536,15,0,Partner,2
4271,1989,Undergraduate,Together,38683.0,1,0,04-10-2012,80,46,35,69,84,41,66,6,4,1,6,7,0,0,25,633,341,1,Partner,2
4120,1975,Undergraduate,Single,49514.0,1,0,17-12-2013,61,88,39,78,58,13,93,2,6,1,4,7,0,0,39,194,369,1,Alone,0
2036,1973,Postgraduate,Together,57906.0,0,1,11-06-2013,29,243,11,119,10,3,15,3,4,2,8,4,0,0,41,383,401,1,Partner,1
115,1966,Postgraduate,Single,43456.0,0,1,26-03-2013,0,275,11,68,25,7,7,3,5,1,8,5,0,0,48,460,393,1,Alone,0
4259,1986,Postgraduate,Single,19485.0,2,0,24-09-2013,80,6,0,4,0,0,0,1,1,0,2,7,0,0,28,278,10,2,Alone,0
8687,1978,Graduate,Together,53172.0,0,1,06-05-2013,54,121,62,90,68,20,125,3,2,3,8,3,0,0,36,419,486,1,Partner,1
2447,1979,Graduate,Together,30545.0,1,0,17-10-2012,71,4,12,15,19,7,12,2,2,0,3,7,0,0,35,620,69,1,Partner,2
10140,1983,Postgraduate,Together,70123.0,0,0,28-09-2013,27,1308,0,396,23,0,0,1,5,7,4,3,0,0,31,274,1727,0,Partner,1
9353,1959,Graduate,Single,62450.0,0,1,06-01-2014,61,515,47,267,62,66,38,2,5,5,4,3,0,0,55,174,995,1,Alone,3
3623,1976,Graduate,Together,21675.0,1,0,11-06-2014,55,4,0,16,17,4,4,3,4,0,3,7,0,0,38,18,45,1,Partner,2
738,1981,Undergraduate,Single,42395.0,1,1,04-04-2014,35,48,13,57,24,15,25,4,3,1,4,7,0,0,33,86,182,2,Alone,0
7631,1978,Postgraduate,Together,61346.0,1,0,06-10-2013,34,562,58,168,43,16,142,1,5,7,10,3,0,0,36,266,989,1,Partner,1
4789,1953,Graduate,Together,80812.0,0,0,17-09-2013,95,769,22,500,210,143,33,1,4,8,5,2,0,0,61,285,1677,0,Partner,1
773,1971,Postgraduate,Divorced,42835.0,1,1,30-06-2013,64,379,4,93,12,9,98,7,6,6,4,6,0,0,43,364,595,2,Alone,0
10602,1983,Graduate,Married,39922.0,1,0,14-02-2013,30,29,12,59,19,1,36,2,3,0,4,8,0,0,31,500,156,1,Partner,2
1446,1956,Postgraduate,Single,86424.0,0,0,05-04-2014,12,387,68,569,89,45,68,1,6,9,12,1,0,0,58,85,1226,0,Alone,3
3270,1978,Undergraduate,Together,17117.0,1,0,17-01-2013,96,12,23,38,30,18,7,4,3,1,3,9,0,0,36,528,128,1,Partner,2
8443,1972,Graduate,Single,24762.0,1,0,10-02-2014,16,6,10,12,3,15,40,3,3,1,2,8,0,1,42,139,86,1,Alone,0
9653,1975,Graduate,Married,35797.0,0,1,16-10-2012,16,27,1,14,4,1,21,2,2,0,3,8,0,0,39,621,68,1,Partner,2
8916,1975,Graduate,Divorced,36627.0,2,0,23-07-2013,78,9,1,5,0,0,1,1,0,0,3,5,0,0,39,341,16,2,Alone,0
8017,1981,Undergraduate,Married,51111.0,1,1,19-06-2014,83,22,0,19,6,5,3,2,2,0,3,6,0,0,33,10,55,2,Partner,2
5830,1972,Postgraduate,Single,86857.0,0,0,12-09-2012,96,899,102,838,133,102,40,1,5,6,10,2,0,1,42,655,2114,0,Alone,3
4597,1970,Postgraduate,Together,82072.0,0,0,02-07-2013,67,889,55,685,168,92,129,1,3,2,13,1,0,0,44,362,2018,0,Partner,1
7023,1953,Postgraduate,Single,46231.0,2,1,26-11-2012,87,189,2,55,0,5,12,4,6,1,4,9,0,0,61,580,263,3,Alone,0
8086,1959,Graduate,Married,42243.0,1,1,11-12-2013,34,48,0,2,0,0,5,2,2,0,3,7,0,0,55,200,55,2,Partner,2
8825,1962,Graduate,Together,51195.0,1,1,01-04-2013,46,230,14,156,82,24,58,8,9,2,5,8,0,0,52,454,564,2,Partner,2
2930,1978,Postgraduate,Single,68092.0,0,0,16-12-2013,7,852,60,207,78,36,48,2,2,6,10,5,0,0,36,195,1281,0,Alone,3
1928,1973,Graduate,Married,31814.0,1,0,09-02-2013,73,35,3,20,4,1,20,2,2,0,3,9,0,0,41,505,83,1,Partner,2
7108,1965,Postgraduate,Widow,51390.0,1,1,08-09-2012,54,205,20,47,23,2,56,6,5,2,5,5,0,0,49,659,353,2,Alone,0
10925,1983,Graduate,Married,76630.0,0,0,14-01-2014,93,255,31,446,40,56,175,1,3,10,11,1,0,0,31,166,1003,0,Partner,1
9960,1991,Undergraduate,Single,26868.0,1,0,30-04-2014,52,0,0,1,8,3,2,1,1,0,2,7,0,0,23,60,14,1,Alone,0
8800,1943,Postgraduate,Divorced,48948.0,0,0,01-02-2013,53,437,8,206,160,49,42,2,7,10,5,6,0,1,71,513,902,0,Alone,3
9224,1972,Postgraduate,Single,55260.0,0,1,12-12-2012,81,825,8,53,11,0,242,2,8,10,5,6,0,0,42,564,1139,1,Alone,3
5519,1956,Graduate,Together,64090.0,0,1,07-08-2013,8,316,58,161,76,51,135,1,6,9,4,5,0,1,58,326,797,1,Partner,1
5046,1958,Graduate,Divorced,78331.0,0,1,23-01-2014,97,756,138,354,160,169,61,2,10,6,7,4,0,0,56,157,1638,1,Alone,3
7037,1974,Postgraduate,Married,37087.0,1,0,11-08-2013,50,194,55,134,15,0,3,3,4,2,8,6,0,0,40,322,401,1,Partner,2
905,1986,Graduate,Divorced,21846.0,1,0,22-10-2013,38,7,17,18,6,10,26,4,4,0,3,8,0,0,28,250,84,1,Alone,0
8624,1958,Graduate,Married,81320.0,0,0,06-02-2013,61,183,33,493,59,103,57,1,4,3,10,2,0,0,56,508,928,0,Partner,1
8945,1970,Graduate,Divorced,54137.0,0,1,16-08-2013,46,171,0,11,0,1,20,2,4,1,4,6,0,0,44,317,203,1,Alone,0
6445,1967,Graduate,Together,66825.0,0,0,14-07-2013,73,243,101,405,29,40,40,1,4,5,6,2,0,0,47,350,858,0,Partner,1
2727,1973,Graduate,Together,57100.0,0,0,04-12-2013,19,181,21,69,39,3,96,1,3,3,6,3,0,0,41,207,409,0,Partner,1
6404,1969,Graduate,Together,58917.0,1,2,24-03-2013,10,151,7,89,0,7,28,5,4,1,6,5,0,0,45,462,282,3,Partner,2
11074,1977,Graduate,Single,85072.0,0,0,09-04-2014,94,494,92,391,194,11,241,1,3,4,10,0,0,0,37,81,1423,0,Alone,3
10150,1961,Graduate,Single,86429.0,0,0,21-11-2013,10,464,28,873,29,18,37,0,7,4,7,2,0,1,53,220,1449,0,Alone,3
1968,1971,Graduate,Widow,45684.0,1,0,02-12-2013,37,5,1,5,10,0,7,1,1,0,2,7,0,0,43,209,28,1,Alone,0
6534,1974,Graduate,Together,47889.0,1,0,04-01-2014,94,29,0,29,0,5,4,1,2,0,3,5,0,0,40,176,67,1,Partner,2
9485,1986,Postgraduate,Married,45921.0,0,0,10-03-2014,23,102,9,49,24,3,12,1,2,1,6,4,0,0,28,111,199,0,Partner,2
7053,1966,Postgraduate,Single,78420.0,0,0,29-06-2013,75,604,28,674,91,28,28,1,3,10,8,1,0,0,48,365,1453,0,Alone,3
4654,1992,Graduate,Together,75114.0,0,0,07-11-2013,40,571,12,523,63,60,24,1,3,10,5,2,0,0,22,234,1253,0,Partner,1
9760,1963,Postgraduate,Widow,52278.0,0,1,25-01-2013,24,953,0,71,0,0,174,6,10,5,10,8,0,1,51,520,1198,1,Alone,3
1048,1972,Postgraduate,Married,35641.0,1,0,14-07-2013,11,63,3,67,8,9,28,2,3,1,4,7,0,1,42,350,178,1,Partner,2
10619,1994,Graduate,Single,95529.0,0,0,03-12-2012,29,770,29,890,250,27,24,1,7,3,7,3,0,1,20,573,1990,0,Alone,3
9308,1954,Graduate,Married,62820.0,0,0,11-05-2013,51,398,61,265,138,61,53,1,3,4,6,1,0,0,60,414,976,0,Partner,1
10505,1960,Postgraduate,Together,73113.0,0,0,26-12-2013,86,741,19,154,50,9,28,1,3,4,7,2,0,0,54,185,1001,0,Partner,1
8362,1982,Postgraduate,Married,84169.0,0,0,07-08-2013,9,1478,19,403,0,19,0,1,7,6,6,3,0,1,32,326,1919,0,Partner,1
2625,1954,Undergraduate,Single,42607.0,0,1,17-11-2013,30,156,29,56,30,32,47,2,3,2,7,3,0,0,60,224,350,1,Alone,0
4637,1954,Postgraduate,Single,74637.0,0,0,18-05-2013,73,960,64,464,146,0,16,1,6,9,9,3,0,0,60,407,1650,0,Alone,3
9972,1955,Postgraduate,Together,46015.0,1,1,13-04-2014,25,38,0,2,0,0,6,1,1,0,3,7,0,0,59,77,46,2,Partner,2
4483,1993,Graduate,Single,72354.0,0,0,17-04-2013,67,315,26,473,220,12,182,1,2,10,6,1,0,0,21,438,1228,0,Alone,3
4487,1969,Postgraduate,Single,39858.0,1,0,24-01-2013,67,15,20,25,2,7,26,1,2,0,4,6,0,1,45,521,95,1,Alone,0
4988,1948,Postgraduate,Married,34469.0,1,1,04-05-2014,58,19,6,20,0,5,12,3,1,1,4,4,0,0,66,56,62,2,Partner,2
8931,1986,Graduate,Together,83033.0,1,0,18-05-2014,82,812,99,431,237,149,33,1,11,4,10,5,0,0,28,42,1761,1,Partner,1
5871,1979,Postgraduate,Together,24401.0,0,0,31-08-2012,98,73,28,217,10,24,115,3,6,1,6,8,0,0,35,667,467,0,Partner,2
2008,1978,Graduate,Married,77583.0,0,0,10-02-2014,93,372,23,384,250,12,108,1,4,5,9,2,0,0,36,139,1149,0,Partner,1
3139,1982,Undergraduate,Single,74116.0,0,0,30-12-2013,53,871,111,704,145,55,166,1,4,4,10,2,0,0,32,181,2052,0,Alone,3
10037,1993,Graduate,Single,74293.0,0,0,04-05-2014,66,375,152,335,93,91,81,1,5,4,6,2,0,0,21,56,1127,0,Alone,3
10673,1976,Postgraduate,Married,68397.0,0,1,17-11-2013,6,760,80,466,17,13,80,1,6,9,5,3,0,0,38,224,1416,1,Partner,1
5303,1974,Postgraduate,Together,79632.0,0,0,08-04-2014,42,471,0,510,99,21,12,1,6,4,9,2,0,0,40,82,1113,0,Partner,1
538,1989,Graduate,Single,46107.0,1,0,10-02-2014,78,31,9,27,16,9,33,1,1,1,4,3,0,0,25,139,125,1,Alone,0
7922,1951,Postgraduate,Single,64950.0,0,1,12-08-2012,29,819,0,72,12,0,63,2,11,2,10,7,0,0,63,686,966,1,Alone,3
5692,1989,Undergraduate,Married,25443.0,1,0,22-12-2012,82,1,4,3,8,9,7,1,1,0,3,8,0,0,25,554,32,1,Partner,2
4843,1952,Graduate,Single,75127.0,0,0,22-05-2014,92,203,35,305,46,17,227,1,2,11,5,1,0,0,62,38,833,0,Alone,3
6383,1971,Postgraduate,Together,32892.0,1,0,25-05-2014,78,26,0,15,2,1,2,2,3,0,3,8,0,0,43,35,46,1,Partner,2
1628,1971,Graduate,Together,71796.0,0,0,24-10-2013,54,354,21,311,167,75,32,1,9,3,4,4,0,0,43,248,960,0,Partner,1
1204,1970,Postgraduate,Married,67536.0,0,1,22-05-2013,45,1253,0,447,23,71,35,3,11,5,11,8,0,0,44,403,1829,1,Partner,1
3673,1971,Graduate,Single,55239.0,0,1,14-07-2013,59,371,17,238,23,24,106,3,7,5,11,5,0,0,43,350,779,1,Alone,3
760,1975,Postgraduate,Divorced,60554.0,1,0,09-08-2013,8,588,7,76,110,15,15,2,8,4,9,6,0,0,39,324,811,1,Alone,3
8957,1952,Undergraduate,Single,64831.0,1,1,10-06-2013,51,480,86,249,75,86,144,8,6,3,5,6,0,0,62,384,1120,2,Alone,0
4128,1962,Postgraduate,Together,56067.0,0,1,20-07-2013,51,517,12,54,16,6,120,2,7,4,7,5,0,0,52,344,725,1,Partner,1
6810,1983,Graduate,Divorced,82025.0,0,0,28-05-2013,76,267,98,606,48,70,98,1,3,2,6,1,0,1,31,397,1187,0,Alone,3
5386,1953,Graduate,Together,94384.0,0,0,04-03-2013,62,1111,24,790,160,45,172,0,5,8,5,2,0,1,61,482,2302,0,Partner,1
8700,1986,Undergraduate,Single,14906.0,0,0,22-12-2012,86,7,7,14,7,16,15,3,2,1,3,7,0,0,28,554,66,0,Alone,0
3202,1987,Postgraduate,Married,51563.0,0,0,01-10-2012,60,1166,0,48,0,0,36,1,4,4,10,8,0,0,27,636,1250,0,Partner,1
1328,1982,Undergraduate,Married,57937.0,0,1,16-02-2014,56,261,42,144,55,48,133,3,4,4,9,3,0,0,32,133,683,1,Partner,1
8405,1979,Graduate,Divorced,68274.0,1,1,30-09-2013,83,135,25,51,23,25,46,2,4,2,5,3,0,0,35,272,305,2,Alone,0
6515,1977,Graduate,Together,39771.0,1,0,06-12-2013,92,6,2,18,2,8,14,1,2,0,3,4,0,0,37,205,50,1,Partner,2
2882,1975,Undergraduate,Divorced,67893.0,0,1,01-10-2012,31,711,28,142,49,18,47,2,3,2,9,8,0,0,39,636,995,1,Alone,0
7574,1979,Postgraduate,Together,27922.0,1,0,10-05-2014,80,11,0,13,2,4,11,1,2,0,3,4,0,0,35,50,41,1,Partner,2
6387,1976,Postgraduate,Together,52190.0,1,1,08-05-2014,39,42,0,17,0,0,18,3,2,1,3,5,0,0,38,52,77,2,Partner,2
5320,1973,Postgraduate,Divorced,44051.0,1,1,29-01-2013,20,79,7,58,6,3,18,4,3,1,4,6,0,1,41,516,171,2,Alone,0
5048,1971,Postgraduate,Single,42767.0,2,0,11-05-2013,53,20,6,43,19,5,38,1,3,1,2,8,0,0,43,414,131,2,Alone,0
8146,1976,Postgraduate,Together,46106.0,1,1,11-05-2014,84,30,0,8,2,0,14,1,1,1,2,6,0,0,38,49,54,2,Partner,2
10031,1976,Postgraduate,Married,16927.0,1,1,10-02-2013,50,20,2,23,3,1,4,5,3,0,4,8,0,0,38,504,53,2,Partner,2
5748,1965,Graduate,Married,59754.0,0,1,01-12-2012,96,115,27,44,4,146,139,3,5,2,6,5,0,1,49,575,475,1,Partner,2
2134,1952,Graduate,Single,53700.0,0,1,17-08-2012,94,263,5,233,69,41,83,4,5,5,8,5,0,0,62,681,694,1,Alone,3
1523,1973,Graduate,Married,59041.0,1,1,07-05-2014,25,69,2,15,2,2,6,2,2,0,4,5,0,0,41,53,96,2,Partner,2
9665,1957,Postgraduate,Divorced,54237.0,0,1,27-04-2013,48,267,3,30,4,0,57,4,5,2,5,6,0,0,57,428,361,1,Alone,0
4640,1967,Graduate,Divorced,70647.0,0,1,21-09-2012,65,561,85,171,25,123,114,2,4,7,13,2,0,0,47,646,1079,1,Alone,3
3635,1962,Postgraduate,Single,52597.0,0,1,07-05-2014,69,492,0,37,7,0,42,3,6,3,8,5,0,0,52,53,578,1,Alone,3
3547,1969,Postgraduate,Together,41021.0,1,0,30-12-2012,12,14,7,9,6,16,12,2,2,0,3,6,0,1,45,546,64,1,Partner,2
2456,1975,Postgraduate,Married,40233.0,0,1,14-10-2013,84,80,4,46,0,17,2,5,2,1,5,6,0,0,39,258,149,1,Partner,2
5633,1980,Graduate,Married,50183.0,1,1,25-06-2014,47,97,12,84,13,10,15,7,3,1,6,5,0,0,34,4,231,2,Partner,2
7801,1959,Graduate,Together,54753.0,0,1,12-09-2013,87,197,107,227,7,59,131,3,5,2,11,4,0,0,55,290,728,1,Partner,1
10489,1973,Graduate,Married,92955.0,0,0,19-08-2013,35,693,21,925,31,24,84,1,6,7,9,2,0,1,41,314,1778,0,Partner,1
7011,1973,Graduate,Married,33471.0,1,0,12-10-2012,47,43,2,27,0,9,12,3,3,0,4,7,0,0,41,625,93,1,Partner,2
2620,1974,Postgraduate,Married,34596.0,1,0,13-04-2013,48,14,0,2,0,0,7,1,1,0,2,8,0,1,40,442,23,1,Partner,2
3933,1980,Graduate,Together,44010.0,1,0,13-10-2012,46,186,36,234,86,72,48,6,10,2,6,9,0,0,34,624,662,1,Partner,2
10981,1988,Graduate,Married,84219.0,0,0,02-02-2014,27,434,137,400,45,137,45,1,3,4,10,1,0,0,26,147,1198,0,Partner,1
1734,1968,Postgraduate,Together,40706.0,2,1,17-01-2013,37,59,0,11,4,2,5,4,3,0,4,7,0,0,46,528,81,3,Partner,2
10995,1988,Undergraduate,Married,15716.0,1,0,12-11-2012,8,16,5,30,8,7,26,3,3,0,4,8,1,0,26,594,92,1,Partner,2
6357,1959,Undergraduate,Divorced,59052.0,0,1,17-11-2013,29,230,35,75,63,57,31,3,7,1,7,5,0,0,55,224,491,1,Alone,0
9209,1971,Postgraduate,Together,80573.0,0,0,14-10-2012,85,829,138,430,60,92,15,1,4,6,13,2,0,0,43,623,1564,0,Partner,1
10286,1962,Graduate,Married,83715.0,0,0,03-02-2014,2,318,8,407,150,35,8,1,2,8,13,0,0,0,52,146,926,0,Partner,1
2611,1959,Postgraduate,Together,82576.0,0,0,01-08-2012,66,1206,55,445,168,18,18,1,2,4,12,1,0,0,55,697,1910,0,Partner,1
1600,1965,Postgraduate,Married,56962.0,2,1,11-10-2013,60,292,3,77,10,3,26,7,6,3,5,7,0,0,49,261,411,3,Partner,2
3308,1952,Graduate,Married,35704.0,1,1,03-01-2014,54,30,9,12,2,11,30,3,2,0,4,4,0,0,62,177,94,2,Partner,2
5407,1954,Graduate,Together,53103.0,0,1,12-09-2013,70,729,17,133,11,0,195,5,10,6,7,7,0,0,60,290,1085,1,Partner,1
2166,1960,Undergraduate,Widow,46779.0,1,1,12-07-2013,55,12,1,3,0,0,7,1,0,1,2,4,0,0,54,352,23,2,Alone,0
3955,1965,Graduate,Divorced,4861.0,0,0,22-06-2014,20,2,1,1,1,0,1,0,0,0,0,14,0,0,49,7,6,0,Alone,0
6634,1979,Postgraduate,Divorced,33462.0,1,0,07-08-2013,78,22,3,18,0,0,11,1,2,0,3,7,0,0,35,326,54,1,Alone,0
3056,1978,Graduate,Divorced,63693.0,0,1,14-10-2013,63,587,43,337,42,87,54,3,11,6,9,6,0,0,36,258,1150,1,Alone,3
5718,1950,Graduate,Married,80763.0,0,0,15-08-2013,17,674,168,108,192,42,231,1,5,11,6,3,0,1,64,318,1415,0,Partner,1
6872,1974,Postgraduate,Married,65352.0,0,1,21-08-2013,43,284,3,84,4,7,23,2,4,2,8,4,0,0,40,312,405,1,Partner,1
8164,1978,Postgraduate,Married,82170.0,0,0,25-11-2013,13,1023,93,651,49,55,37,1,5,6,7,2,0,0,36,216,1908,0,Partner,1
4580,1969,Graduate,Married,75759.0,0,0,25-10-2013,46,1394,22,708,89,91,182,1,9,7,9,5,0,1,45,247,2486,0,Partner,1
9305,1976,Undergraduate,Single,79689.0,0,0,12-05-2013,65,311,26,640,180,37,121,1,4,9,13,2,0,0,38,413,1315,0,Alone,3
453,1956,Postgraduate,Widow,35340.0,1,1,29-06-2014,1,27,0,12,0,1,5,2,2,0,3,5,0,0,58,0,45,2,Alone,0
8545,1954,Graduate,Divorced,85683.0,0,0,21-03-2014,6,1296,17,311,45,69,51,1,2,4,10,1,0,1,60,100,1789,0,Alone,3
9850,1972,Undergraduate,Married,24884.0,1,0,29-11-2012,32,3,6,7,0,0,3,1,0,0,3,7,0,0,42,577,19,1,Partner,2
7378,1981,Postgraduate,Together,42021.0,1,0,31-08-2012,34,393,5,136,7,5,27,5,10,1,6,9,0,0,33,667,573,1,Partner,2
7646,1989,Graduate,Single,64449.0,1,0,18-02-2014,70,218,63,282,137,35,70,4,5,3,12,4,0,0,25,131,805,1,Alone,3
1640,1954,Graduate,Divorced,64587.0,1,1,22-06-2014,49,66,0,16,0,6,20,2,1,1,4,3,0,0,60,7,108,2,Alone,0
5184,1995,Graduate,Single,34824.0,0,0,26-03-2014,65,4,2,11,2,0,4,1,1,0,2,6,0,0,19,95,23,0,Alone,0
8492,1978,Graduate,Together,75437.0,0,0,09-11-2013,25,795,0,545,95,58,0,1,8,4,10,6,0,0,36,232,1493,0,Partner,1
11188,1957,Graduate,Together,26091.0,1,1,25-02-2014,84,15,10,19,8,17,20,3,2,1,3,5,0,0,57,124,89,2,Partner,2
1212,1973,Graduate,Married,52845.0,1,0,13-08-2013,7,384,25,292,130,41,64,3,8,8,6,6,0,0,41,320,936,1,Partner,1
9097,1956,Graduate,Divorced,46086.0,0,1,03-11-2013,34,244,8,32,7,2,50,4,3,1,8,4,0,0,58,238,343,1,Alone,0
10473,1956,Postgraduate,Widow,78028.0,0,1,10-09-2012,38,158,19,288,25,0,38,1,6,4,9,7,0,1,58,657,528,1,Alone,3
7962,1987,Postgraduate,Single,95169.0,0,0,09-10-2013,1,1285,21,449,106,20,20,1,4,3,4,1,0,1,27,263,1901,0,Alone,3
9984,1981,Undergraduate,Married,56337.0,1,1,27-03-2013,25,349,16,144,28,5,182,5,8,5,4,8,0,1,33,459,724,2,Partner,2
5527,1987,Graduate,Together,22434.0,1,0,13-02-2013,25,4,12,11,3,13,15,2,2,0,3,8,0,0,27,501,58,1,Partner,2
6374,1954,Postgraduate,Married,36930.0,0,1,17-05-2013,50,223,2,31,0,2,39,5,5,2,4,8,0,0,60,408,297,1,Partner,2
7453,1954,Graduate,Single,36130.0,0,1,02-02-2013,46,157,43,127,68,56,37,6,3,8,4,4,0,1,60,512,488,1,Alone,0
8952,1953,Postgraduate,Married,65569.0,0,1,05-11-2012,96,397,46,288,20,38,70,2,6,5,10,3,0,0,61,601,859,1,Partner,1
241,1952,Graduate,Together,83844.0,0,0,12-05-2013,57,901,31,345,75,31,191,1,4,4,11,1,0,0,62,413,1574,0,Partner,1
8975,1968,Graduate,Married,19514.0,1,1,26-01-2014,47,14,3,21,2,1,28,4,3,1,2,8,0,0,46,154,69,2,Partner,2
6119,1963,Postgraduate,Single,36736.0,1,1,10-05-2013,52,10,0,3,0,0,4,1,1,0,2,6,0,0,51,415,17,2,Alone,0
5236,1979,Graduate,Together,77568.0,0,1,25-08-2012,30,1230,0,396,232,178,158,1,10,2,8,5,0,0,35,673,2194,1,Partner,1
5723,1976,Postgraduate,Together,49187.0,0,1,11-01-2014,63,81,1,31,2,1,0,1,1,1,5,2,0,0,38,169,116,1,Partner,2
1710,1978,Graduate,Single,30168.0,1,0,07-03-2013,51,154,20,66,0,12,27,7,6,1,4,9,0,0,36,479,279,1,Alone,0
1970,1968,Postgraduate,Together,34053.0,0,1,10-09-2012,14,63,0,21,7,0,12,1,3,0,3,8,0,0,46,657,103,1,Partner,2
5313,1971,Postgraduate,Married,38196.0,1,1,18-04-2014,20,30,0,11,0,0,3,3,2,0,4,5,0,0,43,72,44,2,Partner,2
10634,1951,Postgraduate,Married,59412.0,0,0,19-04-2014,56,90,67,165,30,43,11,1,4,2,8,3,0,0,63,71,406,0,Partner,1
7010,1965,Undergraduate,Married,70924.0,0,0,07-04-2014,41,635,114,254,132,152,76,1,6,6,7,3,0,0,49,83,1363,0,Partner,1
8562,1969,Graduate,Together,54165.0,0,0,28-05-2013,72,127,4,73,15,6,11,1,2,1,7,2,0,0,45,397,236,0,Partner,1
3158,1973,Graduate,Married,32300.0,1,0,03-01-2013,1,13,3,6,6,5,6,1,1,0,3,8,0,0,41,542,39,1,Partner,2
4436,1976,Graduate,Single,20180.0,0,0,20-02-2013,27,18,42,24,15,20,18,1,2,1,4,7,0,0,38,494,137,0,Alone,0
5287,1973,Graduate,Married,34961.0,1,0,19-06-2014,77,45,2,26,4,1,1,3,3,1,3,7,0,0,41,10,79,1,Partner,2
2445,1974,Postgraduate,Together,28440.0,1,0,07-07-2013,87,38,1,24,0,0,0,1,2,0,3,8,0,0,40,357,63,1,Partner,2
6059,1953,Postgraduate,Together,64504.0,1,2,04-03-2013,81,986,36,168,16,0,108,7,11,3,4,7,0,1,61,482,1314,3,Partner,1
4550,1966,Postgraduate,Together,33564.0,0,1,24-06-2014,51,61,0,3,0,0,7,1,1,1,3,5,0,0,48,5,71,1,Partner,2
4240,1978,Graduate,Married,17345.0,1,0,03-11-2012,79,4,9,16,17,0,12,2,2,1,2,8,0,0,36,603,58,1,Partner,2
8911,1967,Postgraduate,Married,56320.0,0,1,08-04-2013,11,201,53,172,116,77,83,3,5,4,9,4,0,0,47,447,702,1,Partner,1
3706,1978,Graduate,Single,28647.0,1,0,21-08-2013,54,19,8,29,0,12,26,1,2,2,2,7,0,1,36,312,94,1,Alone,0
3628,1987,Undergraduate,Single,15038.0,1,0,29-01-2013,93,4,8,11,19,12,26,2,2,1,2,9,0,0,27,516,80,1,Alone,0
10175,1958,Postgraduate,Divorced,32173.0,0,1,01-08-2013,0,18,0,2,0,0,2,1,1,0,3,4,0,0,56,332,22,1,Alone,0
8985,1964,Undergraduate,Together,68316.0,0,1,04-11-2012,54,806,80,161,120,11,33,5,10,7,10,6,0,0,50,602,1211,1,Partner,1
5204,1971,Graduate,Together,74538.0,0,0,29-06-2013,21,380,98,733,110,112,28,1,8,8,5,3,0,1,43,365,1461,0,Partner,1
9220,1971,Graduate,Single,91700.0,0,0,17-01-2013,58,576,172,961,125,115,19,1,8,6,5,3,0,1,43,528,1968,0,Alone,3
9888,1969,Graduate,Together,68695.0,0,0,25-06-2014,3,458,81,356,106,50,40,1,4,4,7,2,0,0,45,4,1091,0,Partner,1
5263,1977,Undergraduate,Married,31056.0,1,0,22-01-2013,99,5,10,13,3,8,16,1,1,0,3,8,0,0,37,523,55,1,Partner,2
1020,1973,Graduate,Married,79593.0,0,0,12-05-2014,70,350,60,568,110,133,145,1,5,6,7,2,0,0,41,48,1366,0,Partner,1
9503,1980,Graduate,Single,28071.0,0,0,29-08-2012,65,39,33,130,41,26,44,2,5,1,5,8,0,0,34,669,313,0,Alone,0
10613,1958,Postgraduate,Together,37334.0,1,1,26-02-2014,44,26,1,16,2,2,15,4,3,0,4,4,0,0,56,123,62,2,Partner,2
67,1972,Postgraduate,Single,46423.0,1,1,18-09-2013,6,68,0,16,0,0,8,3,2,0,4,7,0,0,42,284,92,2,Alone,0
6019,1971,Postgraduate,Married,37126.0,1,0,30-03-2014,9,45,3,9,4,4,7,1,1,2,2,6,0,1,43,91,72,1,Partner,2
5863,1953,Graduate,Married,47703.0,0,1,29-05-2013,95,359,0,134,13,26,123,4,6,3,8,5,0,0,61,396,655,1,Partner,1
3717,1959,Graduate,Married,61180.0,0,1,23-04-2014,70,403,24,29,6,24,218,2,5,5,6,3,0,0,55,67,704,1,Partner,1
6730,1954,Graduate,Married,38998.0,1,1,03-11-2012,92,34,1,14,0,0,5,3,2,0,3,8,1,0,60,603,54,2,Partner,2
10749,1991,Graduate,Single,8028.0,0,0,18-09-2012,62,73,18,66,7,12,2,15,0,1,0,19,0,0,23,649,178,0,Alone,0
4998,1962,Graduate,Together,76081.0,0,0,23-05-2014,85,292,30,415,63,33,200,1,4,5,4,2,0,0,52,37,1033,0,Partner,1
6287,1986,Graduate,Together,34728.0,1,0,30-07-2013,2,14,0,16,0,0,6,1,1,1,2,6,0,1,28,334,36,1,Partner,2
5985,1965,Postgraduate,Single,33168.0,0,1,13-10-2012,0,80,1,37,0,1,3,3,2,1,4,7,0,0,49,624,122,1,Alone,0
4754,1966,Postgraduate,Married,33585.0,0,1,25-09-2013,91,30,11,33,13,6,29,1,2,0,4,4,0,0,48,277,122,1,Partner,2
4002,1960,Postgraduate,Married,77037.0,0,1,13-10-2013,3,463,96,333,168,53,10,1,7,7,12,3,0,0,54,259,1123,1,Partner,1
8870,1984,Graduate,Together,35196.0,1,0,13-11-2012,68,75,12,141,43,39,187,6,6,1,5,8,0,1,30,593,497,1,Partner,2
966,1966,Graduate,Married,44529.0,0,1,05-07-2013,98,538,13,91,17,6,26,6,6,2,11,5,0,0,48,359,691,1,Partner,1
4767,1965,Undergraduate,Married,70924.0,0,0,07-04-2014,41,635,114,254,132,152,76,1,6,6,7,3,0,0,49,83,1363,0,Partner,1
9725,1966,Postgraduate,Together,28764.0,1,1,05-06-2014,16,8,0,3,0,0,1,1,1,0,2,8,0,0,48,24,12,2,Partner,2
4475,1949,Postgraduate,Married,69098.0,0,0,16-02-2013,82,1315,22,780,145,0,178,1,7,8,9,5,0,0,65,498,2440,0,Partner,1
5740,1970,Undergraduate,Divorced,25959.0,1,1,14-02-2013,1,4,2,12,7,5,26,2,1,2,2,6,0,1,44,500,56,2,Alone,0
5731,1983,Postgraduate,Married,27100.0,1,0,05-04-2013,64,12,0,13,2,0,10,1,1,0,3,7,0,0,31,450,37,1,Partner,2
7290,1985,Graduate,Single,70596.0,0,0,05-10-2012,68,347,44,534,17,0,26,1,3,5,12,2,0,0,29,632,968,0,Alone,3
3846,1974,Graduate,Married,42557.0,0,1,29-08-2012,98,192,5,53,0,5,15,4,6,1,4,8,0,0,40,669,270,1,Partner,2
8104,1951,Postgraduate,Married,53312.0,0,0,09-08-2013,32,241,0,12,0,0,25,1,5,1,5,7,0,0,63,324,278,0,Partner,2
4507,1952,Graduate,Single,72228.0,0,0,27-11-2012,87,631,28,491,30,14,56,1,6,7,8,3,0,0,62,579,1250,0,Alone,3
11013,1987,Graduate,Together,67605.0,0,0,31-03-2013,84,336,28,282,184,54,54,1,2,8,6,1,0,0,27,455,938,0,Partner,1
4491,1949,Postgraduate,Married,62845.0,1,1,01-10-2012,3,1099,0,45,0,0,34,11,3,4,10,8,0,0,65,636,1178,2,Partner,1
3759,1958,Graduate,Together,65196.0,0,2,25-07-2013,34,743,19,181,12,0,200,2,7,6,11,5,0,0,56,339,1155,2,Partner,1
1162,1987,Postgraduate,Single,42000.0,0,0,10-01-2013,23,124,83,267,85,59,35,2,5,2,11,5,0,1,27,535,653,0,Alone,3
2055,1973,Postgraduate,Divorced,35860.0,1,1,19-05-2014,37,15,0,8,4,2,20,2,1,1,2,5,0,0,41,41,49,2,Alone,0
10766,1964,Postgraduate,Married,65526.0,0,1,11-04-2014,22,397,19,69,12,0,9,1,4,4,8,2,0,0,50,79,506,1,Partner,1
4415,1961,Graduate,Married,16860.0,1,1,12-09-2012,19,10,4,4,3,3,14,3,1,1,3,7,0,0,53,655,38,2,Partner,2
3005,1992,Graduate,Single,83528.0,0,0,01-05-2014,7,530,117,678,134,44,147,1,4,10,8,1,0,1,22,59,1650,0,Alone,3
2223,1965,Undergraduate,Divorced,64176.0,0,1,03-08-2012,52,1215,33,249,64,116,149,8,8,9,8,6,0,0,49,695,1826,1,Alone,3
4817,1956,Graduate,Divorced,22304.0,0,0,04-08-2012,91,3,2,7,0,4,2,1,1,0,2,8,0,0,58,694,18,0,Alone,0
2875,1978,Graduate,Married,67023.0,0,0,04-03-2014,93,444,44,382,11,8,17,1,3,7,13,2,1,0,36,117,906,0,Partner,1
10536,1971,Postgraduate,Together,32892.0,1,0,25-05-2014,78,26,0,15,2,1,2,2,3,0,3,8,0,0,43,35,46,1,Partner,2
11112,1966,Graduate,Together,70713.0,0,1,03-12-2012,23,736,114,279,82,76,190,6,5,6,8,3,0,0,48,573,1477,1,Partner,1
3807,1955,Graduate,Together,59925.0,0,1,30-11-2012,83,473,21,176,19,21,56,3,9,2,9,6,0,0,59,576,766,1,Partner,1
9197,1953,Graduate,Married,39722.0,0,1,24-02-2014,92,32,0,5,2,0,8,2,2,0,3,5,0,0,61,125,47,1,Partner,2
10832,1958,Graduate,Together,46610.0,0,0,18-07-2013,4,288,10,30,4,10,125,1,6,1,6,6,0,0,56,346,467,0,Partner,2
6421,1961,Graduate,Together,88347.0,0,0,03-07-2013,32,1050,178,555,77,138,118,1,4,7,9,1,0,0,53,361,2116,0,Partner,1
4207,1981,Postgraduate,Married,87171.0,0,0,01-05-2013,27,1001,44,107,58,44,44,1,6,7,11,2,0,0,33,424,1298,0,Partner,1
577,1976,Undergraduate,Together,26907.0,1,1,20-08-2013,10,9,1,7,0,3,2,2,1,0,3,7,0,0,38,313,22,2,Partner,2
10855,1968,Postgraduate,Single,50014.0,1,0,22-01-2014,9,234,14,77,19,10,42,2,4,1,8,5,0,0,46,158,396,1,Alone,0
3081,1978,Postgraduate,Married,41014.0,1,0,22-04-2013,65,7,2,6,2,0,3,1,1,0,2,7,0,0,36,433,20,1,Partner,2
3535,1965,Graduate,Single,66294.0,0,0,17-03-2014,68,251,108,334,65,92,117,1,4,3,5,2,0,0,49,104,967,0,Alone,3
247,1971,Graduate,Married,36715.0,1,0,17-11-2012,16,172,10,125,21,13,16,6,7,2,4,9,0,1,43,589,357,1,Partner,2
8707,1956,Graduate,Married,79456.0,0,0,22-08-2012,12,565,42,548,64,83,99,1,5,6,4,3,0,1,58,676,1401,0,Partner,1
9523,1982,Graduate,Together,40479.0,1,0,17-08-2013,95,5,0,8,2,0,0,1,0,0,3,4,0,0,32,316,15,1,Partner,2
6072,1970,Postgraduate,Single,75345.0,0,0,02-02-2013,16,918,57,842,99,38,133,1,5,8,6,3,0,1,44,512,2087,0,Alone,3
6295,1977,Graduate,Married,54233.0,0,1,04-02-2013,46,652,8,158,21,0,142,4,11,6,5,8,0,0,37,510,981,1,Partner,1
10914,1970,Graduate,Single,24163.0,1,1,12-10-2013,3,4,1,7,2,1,2,2,1,0,3,4,0,0,44,260,17,2,Alone,0
1509,1958,Postgraduate,Together,84460.0,0,0,04-01-2013,80,152,27,103,106,54,81,0,9,9,4,5,0,1,56,541,523,0,Partner,1
5577,1983,Graduate,Together,43776.0,1,0,03-05-2014,77,8,0,9,2,1,3,1,1,0,2,6,0,0,31,57,23,1,Partner,2
7348,1958,Postgraduate,Single,71691.0,0,0,17-03-2014,0,336,130,411,240,32,43,1,4,7,5,2,0,1,56,104,1192,0,Alone,3
1127,1973,Postgraduate,Married,85844.0,0,0,29-05-2014,62,938,19,843,25,95,38,1,6,6,7,2,0,0,41,31,1958,0,Partner,1
1833,1974,Postgraduate,Single,39190.0,1,0,26-04-2014,91,68,8,18,19,8,12,2,2,1,4,5,0,0,40,64,133,1,Alone,0
4944,1959,Graduate,Together,71367.0,0,0,23-08-2013,24,227,23,389,42,21,75,1,4,5,7,2,0,0,55,310,777,0,Partner,1
9080,1972,Postgraduate,Single,38578.0,1,1,22-06-2013,2,38,4,22,3,3,3,3,3,0,3,8,0,0,42,372,73,2,Alone,0
6466,1965,Postgraduate,Married,57236.0,1,1,12-03-2014,22,105,0,9,2,1,4,3,2,1,4,3,0,0,49,109,121,2,Partner,2
9964,1979,Graduate,Single,61825.0,0,1,07-08-2013,56,162,50,100,55,30,27,1,4,2,8,4,0,0,35,326,424,1,Alone,3
4790,1958,Graduate,Divorced,79803.0,0,1,02-06-2014,54,574,8,216,21,16,33,1,4,3,5,1,0,0,56,27,868,1,Alone,3
10245,1986,Undergraduate,Single,80910.0,0,0,31-10-2012,71,160,80,369,67,39,41,1,3,3,8,1,0,0,28,606,756,0,Alone,3
1109,1982,Postgraduate,Together,27590.0,1,0,23-04-2013,38,6,0,5,0,0,1,1,1,0,2,7,0,0,32,432,12,1,Partner,2
6001,1979,Graduate,Married,56775.0,0,1,02-01-2013,62,614,35,160,58,35,35,2,5,8,10,5,0,0,35,543,937,1,Partner,1
5538,1975,Graduate,Divorced,83829.0,0,0,08-10-2013,78,897,161,430,186,161,27,0,4,7,6,1,0,1,39,264,1862,0,Alone,3
10552,1979,Undergraduate,Married,54210.0,0,1,20-05-2013,18,70,54,109,80,9,45,2,4,1,7,5,0,0,35,405,367,1,Partner,2
1545,1986,Graduate,Married,38508.0,1,0,02-08-2013,95,120,19,206,25,19,54,6,7,2,5,8,0,0,28,331,443,1,Partner,2
7409,1970,Graduate,Together,53187.0,1,0,26-10-2013,66,211,2,30,7,7,10,2,4,1,6,5,0,0,44,246,267,1,Partner,2
4444,1972,Graduate,Married,30023.0,1,0,24-03-2014,28,11,0,16,7,6,21,1,2,0,3,8,0,0,42,97,61,1,Partner,2
146,1960,Postgraduate,Single,76045.0,0,0,15-11-2013,78,760,53,400,17,93,0,1,4,5,11,2,0,0,54,226,1323,0,Alone,3
6271,1952,Postgraduate,Married,50870.0,0,1,19-06-2014,13,53,0,8,0,0,2,1,2,0,3,5,0,0,62,10,63,1,Partner,2
10065,1970,Undergraduate,Married,15315.0,0,0,03-08-2013,27,7,4,13,15,8,17,2,2,0,4,5,0,0,44,330,64,0,Partner,2
4741,1974,Undergraduate,Married,65463.0,1,0,30-01-2014,17,391,32,70,21,32,16,2,6,2,9,5,0,0,40,150,562,1,Partner,1
246,1965,Graduate,Married,66480.0,1,1,31-05-2014,71,199,9,57,20,21,6,7,4,1,7,4,0,0,49,29,312,2,Partner,2
375,1954,Graduate,Divorced,76773.0,0,0,25-02-2013,79,516,56,449,86,33,16,1,2,2,11,1,0,0,60,489,1156,0,Alone,3
1524,1983,Undergraduate,Single,81698.0,0,0,01-03-2013,1,709,45,115,30,160,45,1,8,2,5,5,0,1,31,485,1104,0,Alone,3
10022,1973,Postgraduate,Single,54466.0,1,1,09-02-2014,78,12,0,4,0,0,0,1,1,0,2,5,0,0,41,140,16,2,Alone,0
7451,1960,Postgraduate,Single,98777.0,0,0,17-02-2014,23,1000,19,711,125,115,38,0,4,6,9,1,0,0,54,132,2008,0,Alone,3
11010,1984,Postgraduate,Single,16269.0,1,0,30-08-2013,75,19,3,18,3,1,0,3,3,0,3,8,0,0,30,303,44,1,Alone,0
4356,1971,Graduate,Together,71819.0,0,1,28-08-2013,70,1224,28,140,0,14,168,3,3,3,5,6,0,0,43,305,1574,1,Partner,1
3885,1983,Postgraduate,Married,33569.0,1,0,16-10-2013,10,16,2,18,3,0,24,1,1,1,2,8,0,1,31,256,63,1,Partner,2
1175,1983,Postgraduate,Married,36262.0,0,0,20-09-2013,24,88,39,54,64,28,153,1,3,5,3,6,0,1,31,282,426,0,Partner,2
880,1966,Undergraduate,Together,22634.0,0,0,16-01-2013,47,2,23,11,8,6,46,1,2,1,2,8,0,0,48,529,96,0,Partner,2
2320,1978,Undergraduate,Married,47025.0,0,1,12-09-2013,98,508,11,59,23,5,29,5,11,1,6,9,0,0,36,290,635,1,Partner,2
850,1968,Graduate,Single,70566.0,0,1,06-10-2013,4,381,28,215,84,28,21,2,6,5,9,3,0,0,46,266,757,1,Alone,3
4713,1979,Postgraduate,Married,31605.0,1,0,22-11-2012,15,74,0,42,2,1,6,2,2,1,4,7,0,0,35,584,125,1,Partner,2
675,1973,Postgraduate,Divorced,52034.0,1,1,17-05-2013,67,146,0,93,7,13,73,5,4,2,5,7,0,0,41,408,332,2,Alone,0
5025,1979,Graduate,Single,48526.0,1,0,24-12-2013,32,23,17,23,43,20,9,1,2,1,4,3,0,0,35,187,135,1,Alone,0
2308,1954,Graduate,Married,46734.0,0,1,18-11-2012,40,110,5,137,26,23,29,2,6,1,5,7,0,0,60,588,330,1,Partner,2
5995,1962,Graduate,Divorced,39552.0,1,1,18-12-2012,54,165,3,147,4,24,41,7,6,2,5,8,0,1,52,558,384,2,Alone,0
6749,1966,Graduate,Single,86358.0,1,1,08-08-2012,78,957,47,494,82,47,95,4,5,3,6,8,0,0,48,690,1722,2,Alone,3
1010,1977,Graduate,Together,46931.0,2,1,24-04-2014,94,41,0,17,3,1,16,2,1,1,3,3,0,0,37,66,78,3,Partner,2
8977,1985,Undergraduate,Single,16581.0,0,0,12-01-2013,51,1,3,4,2,3,11,1,0,0,3,4,0,0,29,533,24,0,Alone,0
4756,1952,Undergraduate,Divorced,63998.0,0,0,20-12-2013,42,176,29,818,0,33,112,1,7,6,11,4,0,1,62,191,1168,0,Alone,3
3412,1951,Postgraduate,Married,67381.0,0,1,15-01-2013,67,815,8,53,11,0,70,4,2,2,9,7,0,0,63,530,957,1,Partner,1
606,1967,Graduate,Single,25930.0,1,1,10-10-2013,87,6,1,2,2,0,4,1,1,0,2,7,0,0,47,262,15,2,Alone,0
5961,1978,Graduate,Married,42693.0,1,0,07-06-2014,29,8,4,20,6,3,16,1,1,0,3,5,0,0,36,22,57,1,Partner,2
2975,1976,Graduate,Together,85606.0,0,1,12-11-2012,89,717,42,864,219,30,84,2,6,7,9,3,0,0,38,594,1956,1,Partner,1
2894,1985,Graduate,Single,72903.0,0,0,29-10-2013,74,1067,138,750,0,19,39,1,7,5,8,4,0,1,29,243,2013,0,Alone,3
7613,1974,Undergraduate,Together,49669.0,1,0,24-05-2014,97,166,5,107,11,8,29,2,5,1,6,6,0,0,40,36,326,1,Partner,2
10542,1968,Postgraduate,Married,36778.0,1,1,05-08-2012,63,29,4,34,2,4,4,3,3,0,3,9,0,0,46,693,77,2,Partner,2
8015,1962,Postgraduate,Divorced,85696.0,0,0,03-05-2013,88,714,76,395,116,0,12,1,4,6,9,1,0,1,52,422,1313,0,Alone,3
10617,1989,Postgraduate,Divorced,10979.0,0,0,22-05-2014,34,8,4,10,2,2,4,2,3,0,3,5,0,0,25,38,30,0,Alone,0
11166,1961,Graduate,Married,49678.0,0,1,02-02-2013,81,229,5,56,3,2,20,2,6,2,4,7,0,0,53,512,315,1,Partner,2
849,1953,Postgraduate,Together,56129.0,0,1,20-06-2013,65,320,48,133,39,72,48,4,6,2,10,4,0,0,61,374,660,1,Partner,1
523,1989,Graduate,Married,37155.0,1,0,31-01-2013,51,23,0,26,7,15,3,1,2,0,4,5,0,0,25,514,74,1,Partner,2
4066,1978,Undergraduate,Divorced,21282.0,1,0,11-05-2014,76,1,5,8,4,8,20,2,2,1,2,6,0,0,36,49,46,1,Alone,0
8414,1962,Postgraduate,Single,33419.0,0,1,17-08-2013,76,56,0,12,0,0,18,2,2,0,4,7,0,0,52,316,86,1,Alone,0
819,1945,Graduate,Widow,63285.0,0,0,05-11-2013,84,508,124,249,50,38,134,1,6,5,13,3,0,0,69,236,1103,0,Alone,3
4961,1974,Postgraduate,Together,21255.0,1,0,21-01-2014,56,29,0,25,2,2,3,4,2,1,4,4,0,0,40,159,61,1,Partner,2
749,1981,Graduate,Together,42162.0,1,0,19-11-2013,31,46,7,59,2,4,27,2,3,1,3,6,0,1,33,222,145,1,Partner,2
5430,1956,Graduate,Together,54450.0,1,1,14-09-2012,0,454,0,171,8,19,32,12,9,2,8,8,0,0,58,653,684,2,Partner,2
7755,1954,Postgraduate,Married,57744.0,0,1,12-11-2013,91,350,3,39,0,0,19,2,9,1,4,8,0,0,60,229,411,1,Partner,2
10525,1986,Graduate,Single,26576.0,1,0,13-10-2012,40,10,0,8,0,0,9,1,1,0,2,9,0,1,28,624,27,1,Alone,0
1453,1943,Postgraduate,Widow,57513.0,0,0,06-07-2013,59,735,40,183,52,20,30,2,9,3,13,6,0,0,71,358,1060,0,Alone,3
8310,1964,Graduate,Together,68142.0,0,1,29-08-2012,96,897,126,196,91,112,37,3,10,4,7,6,0,0,50,669,1459,1,Partner,1
10710,1979,Graduate,Married,7500.0,0,1,29-08-2012,61,5,2,3,3,0,5,1,1,0,2,8,0,0,35,669,18,1,Partner,2
5031,1974,Graduate,Together,83145.0,0,0,22-09-2012,14,777,35,731,39,137,114,1,5,9,11,2,0,1,40,645,1833,0,Partner,1
2613,1960,Postgraduate,Married,54197.0,0,1,03-04-2014,16,162,6,37,6,13,13,2,1,3,6,1,0,0,54,87,237,1,Partner,2
213,1963,Postgraduate,Single,23091.0,1,1,28-05-2014,98,35,0,11,0,0,2,4,2,1,3,7,0,0,51,32,48,2,Alone,0
967,1976,Graduate,Married,46049.0,1,1,21-07-2013,11,342,9,112,19,14,19,10,5,2,9,7,0,1,38,343,515,2,Partner,2
1077,1974,Graduate,Together,56715.0,0,0,05-12-2012,52,258,105,239,237,172,9,1,7,3,4,4,0,0,40,571,1020,0,Partner,1
7959,1961,Graduate,Married,79410.0,0,0,29-05-2014,19,658,80,483,123,13,13,1,3,2,5,1,0,0,53,31,1370,0,Partner,1
640,1951,Graduate,Married,57304.0,0,1,11-03-2013,61,356,80,329,138,17,106,2,7,6,10,5,0,0,63,475,1026,1,Partner,1
4252,1965,Graduate,Married,44375.0,0,1,23-03-2014,73,213,5,28,7,7,41,1,4,1,6,5,0,0,49,98,301,1,Partner,2
8432,1956,Graduate,Together,54450.0,1,1,14-09-2012,0,454,0,171,8,19,32,12,9,2,8,8,0,0,58,653,684,2,Partner,2
6218,1965,Graduate,Married,59594.0,0,1,20-10-2012,74,457,4,29,0,0,9,1,8,1,7,7,0,0,49,617,499,1,Partner,1
6905,1994,Graduate,Together,80685.0,0,0,22-08-2012,55,241,45,604,34,26,54,1,6,4,10,2,0,0,20,676,1004,0,Partner,1
5922,1974,Postgraduate,Married,40344.0,0,1,13-10-2013,48,210,0,6,0,0,2,2,4,1,5,7,0,0,40,259,218,1,Partner,2
3598,1972,Graduate,Married,62710.0,0,1,23-05-2013,53,441,35,83,7,29,11,4,4,2,12,4,0,0,42,402,606,1,Partner,1
6116,1968,Undergraduate,Married,48985.0,0,1,05-07-2013,13,19,13,18,10,7,8,1,1,1,3,3,0,0,46,359,75,1,Partner,2
6263,1968,Graduate,Together,35322.0,1,2,22-08-2012,34,28,9,37,12,7,13,3,2,0,4,8,0,0,46,676,106,3,Partner,2
10486,1948,Graduate,Married,77142.0,0,0,29-05-2013,54,476,75,162,29,151,97,1,4,4,8,2,0,0,66,396,990,0,Partner,1
2410,1969,Graduate,Single,81657.0,0,0,22-01-2014,69,364,40,425,158,60,50,1,3,4,8,1,0,0,45,158,1097,0,Alone,3
193,1996,Undergraduate,Married,14421.0,0,0,17-02-2014,81,0,0,2,3,3,8,1,1,0,2,5,0,0,18,132,16,0,Partner,2
3363,1974,Undergraduate,Married,20130.0,0,0,17-03-2014,99,0,6,3,7,6,12,1,1,0,3,8,0,0,40,104,34,0,Partner,2
8278,1990,Postgraduate,Married,74214.0,0,0,26-08-2012,3,863,83,547,86,99,33,1,8,2,5,5,0,0,24,672,1711,0,Partner,1
10660,1957,Postgraduate,Married,66726.0,1,1,12-01-2014,61,349,7,35,0,0,47,3,8,2,4,7,0,0,57,168,438,2,Partner,2
8686,1979,Undergraduate,Together,23724.0,1,0,08-01-2013,65,5,23,15,0,18,14,2,2,0,3,8,0,0,35,537,75,1,Partner,2
1604,1960,Postgraduate,Married,47353.0,0,1,13-11-2013,93,184,2,19,8,8,4,3,2,2,6,5,0,0,54,228,225,1,Partner,2
5907,1952,Postgraduate,Married,33444.0,1,1,03-11-2012,24,8,0,8,0,0,2,1,1,0,2,8,0,0,62,603,18,2,Partner,2
10669,1981,Graduate,Married,54386.0,0,1,17-05-2013,8,277,21,64,62,21,25,2,3,2,10,3,0,0,33,408,470,1,Partner,1
2918,1981,Graduate,Divorced,28510.0,1,1,13-04-2013,72,44,5,19,0,4,19,3,2,0,4,5,0,0,33,442,91,2,Alone,0
5735,1991,Postgraduate,Single,90638.0,0,0,13-02-2014,29,1156,120,915,94,144,96,1,3,4,10,1,0,0,23,136,2525,0,Alone,3
359,1950,Graduate,Together,48070.0,0,1,13-01-2013,33,373,14,83,6,9,19,3,8,2,6,7,1,0,64,532,504,1,Partner,2
8387,1957,Graduate,Married,43140.0,0,1,05-01-2013,68,134,8,76,6,0,11,1,4,1,5,6,0,0,57,540,235,1,Partner,2
1829,1961,Postgraduate,Divorced,54959.0,0,1,19-01-2013,55,1148,0,60,0,0,24,3,9,5,4,7,0,1,53,526,1232,1,Alone,3
3839,1958,Undergraduate,Single,15056.0,1,1,03-05-2013,76,6,12,3,21,6,40,5,2,2,3,5,0,0,56,422,88,2,Alone,0
9392,1971,Graduate,Single,26954.0,1,0,08-05-2014,17,4,1,11,0,0,1,1,1,0,2,7,0,0,43,52,17,1,Alone,0
2292,1985,Graduate,Single,22327.0,1,0,02-08-2013,94,5,4,8,2,0,5,1,1,0,3,5,0,0,29,331,24,1,Alone,0
10466,1965,Graduate,Married,44393.0,1,1,22-08-2013,86,24,2,20,2,2,10,2,1,0,4,4,0,0,49,311,60,2,Partner,2
9855,1952,Postgraduate,Single,62000.0,0,1,25-08-2013,25,899,0,101,0,0,20,1,6,6,13,4,0,0,62,308,1020,1,Alone,3
4088,1962,Postgraduate,Together,31497.0,0,1,06-12-2012,22,108,1,28,13,1,4,2,3,1,4,8,0,0,52,570,155,1,Partner,2
5231,1974,Undergraduate,Married,45894.0,0,2,27-02-2014,15,27,2,7,0,2,13,1,1,0,3,5,0,0,40,122,51,2,Partner,2
590,1970,Postgraduate,Divorced,78579.0,0,0,22-12-2012,35,816,66,549,216,66,99,1,5,6,4,3,0,1,44,554,1812,0,Alone,3
8732,1969,Postgraduate,Widow,67369.0,0,1,17-11-2012,81,1298,0,70,37,14,42,4,7,4,10,4,0,1,45,589,1461,1,Alone,3
2315,1960,Graduate,Divorced,58401.0,0,1,20-04-2014,55,10,0,11,17,29,29,1,1,2,2,4,0,0,54,70,96,1,Alone,0
3515,1952,Graduate,Single,62307.0,0,1,17-02-2014,94,87,13,34,10,6,10,1,4,0,4,5,0,0,62,132,160,1,Alone,0
2245,1969,Postgraduate,Married,43641.0,1,1,22-04-2013,50,57,2,51,4,2,23,3,2,1,4,6,0,0,45,433,139,2,Partner,2
6283,1968,Postgraduate,Divorced,63841.0,0,1,21-04-2013,64,635,15,100,20,7,131,1,9,3,9,6,0,0,46,434,908,1,Alone,3
2246,1965,Undergraduate,Married,46891.0,0,1,01-09-2013,91,43,12,23,29,15,61,1,2,1,4,4,0,0,49,301,183,1,Partner,2
6606,1969,Postgraduate,Married,70091.0,1,0,31-03-2013,11,964,34,137,15,0,11,2,5,2,10,8,0,0,45,455,1161,1,Partner,1
5545,1972,Postgraduate,Married,78075.0,0,0,05-04-2014,72,572,8,259,34,35,80,1,3,5,5,1,0,0,42,85,988,0,Partner,1
7342,1961,Undergraduate,Widow,59184.0,0,1,09-09-2012,6,341,142,113,259,151,66,3,6,6,12,5,0,0,53,658,1072,1,Alone,3
837,1977,Graduate,Married,54809.0,1,1,11-09-2013,0,63,6,57,13,13,22,4,2,1,5,4,0,0,37,291,174,2,Partner,2
9500,1959,Graduate,Married,58113.0,0,1,25-01-2013,66,221,104,169,102,78,84,3,9,2,8,7,1,0,55,520,758,1,Partner,1
3602,1958,Postgraduate,Married,51412.0,0,1,31-12-2013,42,140,3,29,4,5,14,2,3,2,4,4,0,0,56,180,195,1,Partner,2
234,1979,Graduate,Divorced,15287.0,1,0,10-10-2012,60,1,2,8,4,3,13,2,1,1,2,7,0,1,35,627,31,1,Alone,0
2995,1957,Postgraduate,Together,66636.0,0,0,17-08-2013,64,291,10,689,84,10,0,1,3,4,9,1,0,0,57,316,1084,0,Partner,1
1118,1956,Postgraduate,Married,50965.0,0,1,20-02-2013,87,544,13,85,8,6,29,3,10,4,5,8,0,0,58,494,685,1,Partner,1
7789,1965,Postgraduate,Married,84618.0,0,0,22-11-2013,96,684,100,801,21,66,0,1,6,9,10,2,0,0,49,219,1672,0,Partner,1
3068,1990,Graduate,Married,18351.0,0,0,29-10-2013,1,1,12,9,0,14,7,1,2,0,3,7,0,0,24,243,43,0,Partner,2
8955,1957,Postgraduate,Together,40451.0,0,2,16-02-2014,54,35,0,4,0,0,10,1,1,1,2,5,0,0,57,133,49,2,Partner,2
945,1965,Graduate,Together,36317.0,0,1,22-05-2013,53,87,3,25,3,2,13,2,3,0,4,7,0,0,49,403,133,1,Partner,2
5644,1957,Graduate,Together,42213.0,0,1,12-10-2013,96,309,3,24,4,3,20,2,5,1,7,7,0,0,57,260,363,1,Partner,2
7192,1955,Graduate,Together,65748.0,0,1,15-04-2013,58,172,73,93,95,78,34,2,2,4,10,1,1,0,59,440,545,1,Partner,1
2324,1972,Graduate,Together,77044.0,0,1,27-10-2013,12,625,38,242,50,34,76,2,7,11,11,4,0,0,42,245,1065,1,Partner,1
697,1969,Graduate,Together,74918.0,0,0,12-03-2013,78,972,59,913,25,19,59,1,5,9,6,3,0,0,45,474,2047,0,Partner,1
3439,1972,Graduate,Married,56721.0,1,1,31-10-2012,64,157,6,39,6,13,75,5,4,1,5,6,0,0,42,606,296,2,Partner,2
1506,1975,Graduate,Single,42160.0,1,1,28-06-2013,26,48,9,45,3,15,20,4,2,1,4,6,0,1,39,366,140,2,Alone,0
232,1965,Graduate,Single,61559.0,0,1,17-07-2013,8,279,83,88,32,14,34,1,4,2,10,3,0,0,49,347,530,1,Alone,3
8876,1963,Postgraduate,Together,33629.0,1,1,08-08-2012,49,132,0,16,0,0,4,5,3,1,4,9,0,0,51,690,152,2,Partner,2
4500,1991,Postgraduate,Together,68682.0,0,0,06-10-2013,56,919,0,505,99,30,45,1,4,9,10,2,0,0,23,266,1598,0,Partner,1
9739,1963,Graduate,Single,34377.0,0,1,19-01-2013,55,62,0,22,3,1,26,2,2,2,2,7,0,0,51,526,114,1,Alone,0
10395,1986,Undergraduate,Single,8940.0,1,0,22-08-2012,25,1,45,3,4,6,42,3,3,1,3,8,0,0,28,676,101,1,Alone,0
1176,1973,Graduate,Married,26228.0,1,0,22-09-2013,50,2,6,4,3,1,9,1,1,0,2,8,0,0,41,280,25,1,Partner,2
1627,1957,Undergraduate,Divorced,77297.0,0,0,26-01-2013,84,408,61,109,48,122,41,1,5,7,9,4,0,0,57,519,789,0,Alone,3
938,1981,Graduate,Married,40211.0,1,1,30-07-2013,30,51,1,7,2,1,25,2,2,1,2,8,0,0,33,334,87,2,Partner,2
2740,1958,Postgraduate,Widow,33438.0,1,1,22-09-2013,81,62,1,16,3,2,6,4,2,1,4,5,0,0,56,280,90,2,Alone,0
257,1959,Postgraduate,Married,75032.0,0,1,28-04-2013,74,952,12,180,47,12,12,2,5,4,9,3,0,0,55,427,1215,1,Partner,1
4058,1955,Postgraduate,Single,61284.0,0,0,12-10-2013,76,618,15,106,20,7,45,1,11,2,8,6,0,0,59,260,811,0,Alone,3
7736,1986,Graduate,Married,22518.0,1,0,22-10-2012,36,11,7,12,2,2,27,2,2,1,2,5,0,1,28,615,61,1,Partner,2
8210,1975,Postgraduate,Married,54730.0,0,1,15-08-2013,64,318,3,17,4,7,56,5,4,1,8,4,0,0,39,318,405,1,Partner,2
833,1955,Postgraduate,Married,38452.0,1,1,30-03-2014,62,56,0,14,0,0,2,3,3,0,3,7,0,0,59,91,72,2,Partner,2
6230,1971,Graduate,Divorced,44421.0,1,1,15-02-2013,53,110,5,59,7,1,7,5,5,0,4,8,0,0,43,499,189,2,Alone,0
7325,1986,Postgraduate,Together,38197.0,1,0,29-06-2013,86,23,0,11,2,1,3,1,1,0,3,5,0,0,28,365,40,1,Partner,2
1307,1978,Graduate,Divorced,41986.0,0,1,09-02-2014,15,27,5,8,8,3,12,3,3,0,4,4,0,0,36,140,63,1,Alone,0
1502,1983,Graduate,Together,28427.0,1,0,21-03-2013,67,18,3,19,3,3,6,2,2,0,3,8,0,0,31,465,52,1,Partner,2
6211,1976,Postgraduate,Together,37395.0,1,0,02-05-2014,47,18,0,9,0,1,11,1,1,0,3,6,0,0,38,58,39,1,Partner,2
843,1971,Graduate,Married,64722.0,1,0,26-05-2014,47,303,0,280,60,147,15,4,8,2,11,6,0,0,43,34,805,1,Partner,1
4174,1956,Postgraduate,Together,55249.0,0,1,17-04-2014,81,97,1,19,2,0,11,1,2,1,4,3,0,0,58,73,130,1,Partner,2
9757,1972,Graduate,Together,84906.0,0,0,04-10-2013,98,997,15,414,99,30,76,1,5,6,12,2,0,0,42,268,1631,0,Partner,1
6918,1989,Graduate,Married,28691.0,1,0,04-07-2013,56,5,4,13,8,0,4,1,1,0,3,8,0,0,25,360,34,1,Partner,2
286,1952,Graduate,Single,44213.0,1,1,29-11-2013,48,95,11,35,0,4,7,4,2,1,5,6,0,0,62,212,152,2,Alone,0
11086,1984,Undergraduate,Single,25707.0,1,0,18-01-2014,18,1,6,2,3,6,3,1,1,0,3,7,0,0,30,162,21,1,Alone,0
1921,1967,Postgraduate,Married,59062.0,2,1,03-10-2013,74,46,1,12,3,0,9,2,2,0,3,4,0,0,47,269,71,3,Partner,2
4138,1962,Graduate,Single,76624.0,0,1,24-05-2014,68,411,106,147,54,115,66,1,5,10,7,1,0,0,52,36,899,1,Alone,3
7718,1947,Postgraduate,Together,66000.0,0,0,20-04-2014,36,244,51,270,101,0,45,1,1,3,5,1,0,0,67,70,711,0,Partner,1
1291,1978,Postgraduate,Together,27683.0,1,0,04-08-2012,90,152,9,121,12,12,45,4,6,2,4,8,0,0,36,694,351,1,Partner,2
6862,1971,Graduate,Divorced,1730.0,0,0,18-05-2014,65,1,1,3,1,1,1,15,0,0,0,20,0,0,43,42,8,0,Alone,0
4136,1992,Undergraduate,Single,7500.0,1,0,03-12-2012,63,10,17,18,8,26,40,4,3,2,2,9,0,0,22,573,119,1,Alone,0
803,1968,Graduate,Together,40521.0,1,1,05-04-2013,82,12,0,5,0,0,4,1,0,1,2,5,0,0,46,450,21,2,Partner,2
4298,1973,Postgraduate,Together,20427.0,1,0,24-03-2014,63,5,0,4,0,0,1,1,1,0,2,8,0,0,41,97,10,1,Partner,2
10833,1975,Graduate,Married,65106.0,0,1,24-05-2014,55,790,19,133,12,0,19,3,8,3,13,6,0,0,39,36,973,1,Partner,1
9606,1965,Postgraduate,Married,69969.0,0,0,27-08-2013,64,882,29,514,38,29,44,1,4,2,6,3,0,1,49,306,1536,0,Partner,1
8534,1952,Graduate,Married,67433.0,0,2,16-07-2013,51,615,28,259,12,48,30,4,6,5,13,4,0,0,62,348,992,2,Partner,1
5153,1967,Postgraduate,Married,77766.0,0,1,22-02-2013,97,1004,59,265,115,59,27,2,11,10,11,6,0,1,47,492,1529,1,Partner,1
961,1972,Graduate,Married,74716.0,0,1,12-09-2013,92,133,27,421,13,195,71,2,7,3,5,4,0,0,42,290,860,1,Partner,1
5011,1963,Graduate,Divorced,68118.0,0,1,18-10-2013,51,595,23,123,10,23,154,2,8,9,4,6,0,0,51,254,928,1,Alone,3
6653,1970,Postgraduate,Married,55158.0,1,1,30-07-2012,72,293,0,87,4,11,23,4,7,2,5,7,0,1,44,699,418,2,Partner,2
9094,1955,Undergraduate,Married,62972.0,0,1,03-08-2012,39,313,15,47,20,0,192,2,7,4,3,6,0,1,59,695,587,1,Partner,2
810,1975,Graduate,Married,74190.0,0,1,12-05-2014,49,151,81,86,168,91,64,2,4,2,11,2,0,0,39,48,641,1,Partner,1
5493,1976,Graduate,Married,39356.0,1,1,19-03-2014,21,15,0,2,0,0,6,1,1,0,2,6,0,0,38,102,23,2,Partner,2
2147,1969,Graduate,Together,76653.0,0,0,16-08-2013,91,736,63,946,219,189,126,1,4,7,11,2,0,0,45,317,2279,0,Partner,1
5107,1973,Postgraduate,Divorced,35860.0,1,1,19-05-2014,37,15,0,8,4,2,20,2,1,1,2,5,0,0,41,41,49,2,Alone,0
3979,1983,Postgraduate,Divorced,90687.0,0,0,22-05-2013,98,982,17,672,23,34,51,1,6,2,8,2,0,1,31,403,1779,0,Alone,3
6049,1982,Postgraduate,Together,73450.0,0,0,05-12-2013,85,1142,51,415,90,69,37,1,7,8,11,3,0,0,32,206,1804,0,Partner,1
8147,1960,Graduate,Married,31454.0,1,1,06-07-2013,40,28,0,11,0,0,9,3,2,0,3,8,0,0,54,358,48,2,Partner,2
1857,1952,Graduate,Single,47139.0,1,1,06-03-2014,2,46,0,12,0,2,23,2,2,1,2,7,0,1,62,115,83,2,Alone,0
3910,1975,Graduate,Divorced,83829.0,0,0,08-10-2013,78,897,161,430,186,161,27,0,4,7,6,1,0,1,39,264,1862,0,Alone,3
5207,1963,Postgraduate,Married,53378.0,1,1,24-09-2012,41,489,6,152,8,6,132,10,9,4,6,8,0,1,51,643,793,2,Partner,2
11114,1970,Graduate,Together,19656.0,1,0,08-02-2013,94,25,4,9,6,8,32,3,2,1,3,7,0,0,44,506,84,1,Partner,2
5429,1948,Postgraduate,Married,45579.0,0,1,20-08-2013,10,145,1,33,2,1,1,1,4,1,4,6,0,0,66,313,183,1,Partner,2
9400,1958,Undergraduate,Single,85485.0,0,0,21-06-2014,73,630,26,611,44,18,54,1,6,6,6,2,0,0,56,8,1383,0,Alone,3
1740,1944,Graduate,Married,55956.0,0,0,07-04-2014,22,760,38,104,50,9,38,2,7,3,4,4,0,0,70,83,999,0,Partner,1
7488,1963,Postgraduate,Single,64191.0,0,1,22-01-2013,30,420,15,186,151,38,15,3,5,3,13,3,0,0,51,523,825,1,Alone,3
195,1972,Graduate,Single,38808.0,1,0,26-08-2012,21,125,17,52,3,19,30,4,5,1,4,8,0,1,42,672,246,1,Alone,0
635,1966,Postgraduate,Married,57183.0,1,1,19-03-2013,51,464,5,64,7,0,70,8,9,1,7,8,0,0,48,467,610,2,Partner,2
7527,1968,Postgraduate,Divorced,23748.0,1,0,21-11-2012,97,6,6,29,12,15,8,3,2,1,3,8,0,0,46,585,76,1,Alone,0
10319,1971,Graduate,Married,66303.0,0,1,26-02-2013,56,1090,12,96,16,12,60,4,3,4,11,8,0,0,43,488,1286,1,Partner,1
2296,1975,Postgraduate,Married,37368.0,1,0,16-12-2013,4,3,2,11,2,2,10,1,1,0,2,6,0,0,39,195,30,1,Partner,2
10637,1964,Graduate,Married,40800.0,1,2,01-01-2013,77,24,0,27,8,30,10,2,3,0,3,7,1,0,50,544,99,3,Partner,2
2931,1978,Graduate,Divorced,71847.0,0,0,21-09-2012,95,737,21,106,55,63,210,0,6,7,9,3,0,0,36,646,1192,0,Alone,3
907,1975,Graduate,Married,46149.0,0,1,29-11-2013,36,254,6,71,4,0,27,5,5,1,7,5,0,0,39,212,362,1,Partner,2
3698,1983,Graduate,Together,78687.0,0,0,09-08-2012,13,817,185,687,145,55,241,1,4,6,8,2,0,1,31,689,2130,0,Partner,1
9516,1971,Undergraduate,Divorced,49118.0,0,0,18-08-2012,90,620,54,239,99,98,119,2,9,7,10,7,0,1,43,680,1229,0,Alone,3
679,1957,Postgraduate,Married,37633.0,1,1,20-09-2012,49,13,4,20,0,0,1,2,1,0,3,9,0,0,57,647,38,2,Partner,2
7384,1951,Postgraduate,Together,39767.0,0,0,21-07-2013,18,113,61,204,34,26,47,2,7,1,7,8,0,0,63,343,485,0,Partner,2
5043,1951,Undergraduate,Married,26997.0,0,0,05-11-2012,89,7,23,78,133,49,144,2,4,2,5,7,0,0,63,601,434,0,Partner,2
5267,1970,Graduate,Divorced,33986.0,1,0,14-03-2013,43,16,2,18,2,1,5,1,1,0,3,7,0,0,44,472,44,1,Alone,0
339,1972,Postgraduate,Married,57091.0,0,1,23-11-2012,82,462,0,24,6,0,4,2,9,2,5,7,0,1,42,583,496,1,Partner,2
2516,1969,Undergraduate,Married,46831.0,1,1,08-06-2013,84,22,2,10,6,4,34,2,1,2,2,4,0,0,45,386,78,2,Partner,2
9010,1972,Postgraduate,Married,83151.0,0,0,10-02-2013,80,968,147,842,137,42,210,1,5,7,10,2,0,1,42,504,2346,0,Partner,1
378,1971,Graduate,Married,52531.0,0,0,30-12-2012,68,283,112,151,51,72,125,2,7,2,10,6,0,0,43,546,794,0,Partner,1
4808,1956,Graduate,Married,15759.0,0,0,05-09-2013,12,1,2,5,6,0,3,1,1,0,2,7,0,0,58,297,17,0,Partner,2
5068,1971,Graduate,Single,22804.0,1,0,31-07-2013,75,14,1,7,2,1,1,1,2,0,2,9,0,0,43,333,26,1,Alone,0
7628,1973,Undergraduate,Married,43050.0,1,0,18-03-2014,10,30,5,24,6,3,8,2,2,0,4,5,0,0,41,103,76,1,Partner,2
7128,1977,Postgraduate,Single,42997.0,1,1,07-12-2013,91,4,0,5,0,1,5,1,1,0,2,7,0,0,37,204,15,2,Alone,0
2811,1963,Postgraduate,Single,48918.0,1,1,12-04-2014,21,52,0,9,0,0,1,2,1,0,4,4,0,0,51,78,62,2,Alone,0
3551,1954,Postgraduate,Together,60033.0,0,1,29-03-2014,28,62,1,57,19,11,48,2,2,1,5,2,0,0,60,92,198,1,Partner,2
1663,1978,Postgraduate,Together,34043.0,1,0,25-10-2013,97,20,2,14,3,0,10,1,2,0,2,9,0,0,36,247,49,1,Partner,2
5543,1966,Graduate,Together,57811.0,0,1,24-06-2013,49,545,7,114,37,21,78,5,7,2,11,5,0,0,48,370,802,1,Partner,1
1577,1946,Graduate,Married,78569.0,0,0,19-02-2014,14,558,79,622,207,175,95,1,4,6,4,1,0,1,68,130,1736,0,Partner,1
10641,1978,Graduate,Single,7500.0,1,1,27-12-2012,5,6,5,4,13,4,25,4,2,1,3,6,0,0,36,549,57,2,Alone,0
5336,1971,Postgraduate,Together,157733.0,1,0,04-06-2013,37,39,1,9,2,0,8,0,1,0,1,1,0,0,43,390,59,1,Partner,1
6024,1953,Graduate,Together,94384.0,0,0,04-03-2013,62,1111,24,790,160,45,172,0,5,8,5,2,0,1,61,482,2302,0,Partner,1
1878,1985,Undergraduate,Married,23148.0,0,0,18-02-2014,83,4,6,8,6,3,10,1,2,0,3,7,0,0,29,131,37,0,Partner,2
3099,1970,Graduate,Divorced,44267.0,1,1,25-02-2013,48,183,5,65,3,5,49,5,5,2,4,9,0,0,44,489,310,2,Alone,0
6055,1979,Graduate,Married,71626.0,0,0,01-11-2012,94,546,72,376,94,145,72,1,5,5,8,3,0,0,35,605,1305,0,Partner,1
5841,1966,Graduate,Together,60894.0,0,1,28-06-2013,61,606,7,155,10,0,54,5,10,3,8,7,0,0,48,366,832,1,Partner,1
3972,1976,Graduate,Together,50200.0,1,1,03-04-2013,70,266,6,51,8,6,64,6,7,1,5,8,0,0,38,452,401,2,Partner,2
4394,1965,Postgraduate,Married,81051.0,0,0,23-05-2014,43,1142,29,249,38,29,14,1,5,5,12,2,0,0,49,37,1501,0,Partner,1
5758,1982,Graduate,Married,65169.0,0,0,14-01-2014,23,1074,0,69,0,0,46,1,10,4,13,6,0,1,32,166,1189,0,Partner,1
6658,1972,Graduate,Together,59868.0,0,1,22-07-2013,37,771,51,154,54,10,154,7,11,2,12,6,0,0,42,342,1194,1,Partner,1
4603,1960,Postgraduate,Married,65695.0,0,1,31-01-2014,50,371,32,189,0,58,6,2,5,4,10,4,0,0,54,149,656,1,Partner,1
8427,1956,Postgraduate,Single,64857.0,0,0,23-11-2012,78,556,14,717,210,0,43,1,7,5,10,4,0,0,58,583,1540,0,Alone,3
10260,1965,Postgraduate,Together,45143.0,0,1,26-08-2013,74,202,5,74,11,5,14,3,6,1,5,7,0,0,49,307,311,1,Partner,2
7143,1955,Undergraduate,Together,74805.0,0,1,06-11-2013,14,209,162,209,41,162,37,5,4,7,10,2,0,0,59,235,820,1,Partner,1
8789,1989,Undergraduate,Married,59060.0,1,0,11-01-2014,77,35,40,111,36,40,12,3,3,1,7,4,0,0,25,169,274,1,Partner,2
6197,1962,Postgraduate,Single,27238.0,1,1,20-04-2013,39,37,0,17,0,0,3,3,3,0,3,9,0,0,52,435,57,2,Alone,0
4554,1965,Graduate,Together,47009.0,0,1,01-10-2013,89,171,45,73,59,10,90,4,3,2,8,4,0,0,49,271,448,1,Partner,2
4937,1973,Undergraduate,Married,46094.0,1,1,10-06-2014,62,12,2,20,3,2,5,1,1,0,3,7,0,0,41,19,44,2,Partner,2
1920,1972,Graduate,Married,40321.0,1,1,29-07-2013,59,44,4,21,6,0,27,2,3,0,3,7,0,0,42,335,102,2,Partner,2
8749,1984,Graduate,Together,37235.0,1,0,01-02-2014,68,20,2,9,4,6,20,1,1,1,2,4,0,0,30,148,61,1,Partner,2
1650,1960,Postgraduate,Married,81843.0,0,0,22-04-2013,13,779,86,537,34,69,138,1,5,9,12,3,0,0,54,433,1643,0,Partner,1
10377,1958,Postgraduate,Together,46692.0,0,1,06-06-2013,37,170,6,97,24,12,88,3,6,1,5,6,0,0,56,388,397,1,Partner,2
9206,1968,Graduate,Together,77382.0,0,1,07-01-2014,36,491,48,231,112,105,134,2,5,7,12,1,0,0,46,173,1121,1,Partner,1
10971,1977,Graduate,Single,37774.0,2,0,03-09-2012,28,173,8,107,7,2,176,4,7,2,3,9,1,1,37,664,473,2,Alone,0
6398,1974,Undergraduate,Married,18393.0,1,0,29-03-2014,2,7,10,13,16,0,4,2,3,0,3,8,0,0,40,92,50,1,Partner,2
9212,1962,Postgraduate,Married,72828.0,0,1,14-02-2013,17,1205,0,235,19,14,205,6,6,3,13,7,0,0,52,500,1678,1,Partner,1
7937,1982,Graduate,Married,24711.0,0,0,18-04-2014,86,10,7,25,6,3,7,1,3,0,3,7,0,0,32,72,58,0,Partner,2
839,1975,Postgraduate,Married,45503.0,1,0,25-09-2013,54,97,4,44,6,1,18,1,3,1,4,5,0,0,39,277,170,1,Partner,2
4246,1982,Postgraduate,Single,6560.0,0,0,12-12-2013,2,67,11,26,4,3,262,0,1,0,1,17,0,0,32,199,373,0,Alone,0
158,1945,Postgraduate,Together,71604.0,0,0,17-11-2013,3,345,53,528,98,75,97,1,8,3,5,4,0,1,69,224,1196,0,Partner,1
4832,1979,Graduate,Married,27244.0,1,0,07-03-2014,84,6,5,17,3,24,46,2,2,2,2,7,0,0,35,114,101,1,Partner,2
5621,1969,Graduate,Married,48752.0,1,1,12-12-2012,8,73,57,100,71,15,0,5,6,1,5,9,0,1,45,564,316,2,Partner,2
1945,1962,Graduate,Married,71434.0,0,1,18-09-2013,4,711,36,217,172,96,168,3,7,4,7,4,0,0,52,284,1400,1,Partner,1
5147,1948,Graduate,Single,90842.0,0,0,29-07-2013,57,774,70,118,182,187,93,1,4,9,13,1,0,0,66,335,1424,0,Alone,3
2535,1978,Postgraduate,Married,88097.0,1,0,18-08-2012,24,163,0,480,0,126,75,1,6,5,8,9,0,1,36,680,844,1,Partner,1
11039,1975,Graduate,Married,51948.0,0,1,17-09-2013,51,82,33,54,71,30,41,2,5,2,4,5,0,0,39,285,311,1,Partner,2
9495,1982,Graduate,Together,71853.0,0,0,08-05-2013,29,358,108,413,141,97,32,1,2,8,6,1,0,0,32,417,1149,0,Partner,1
9635,1983,Postgraduate,Married,35876.0,0,0,20-04-2014,13,66,2,40,4,3,14,1,3,1,3,6,0,0,31,70,129,0,Partner,2
2173,1952,Graduate,Widow,40049.0,0,1,16-10-2013,23,13,6,7,0,3,3,1,1,0,3,6,0,0,62,256,32,1,Alone,0
942,1982,Graduate,Single,39660.0,1,0,08-08-2012,36,139,13,78,20,13,36,3,7,1,3,9,0,1,32,690,299,1,Alone,0
9386,1962,Graduate,Together,50127.0,0,1,29-05-2014,88,274,0,21,4,6,15,1,5,1,6,6,0,0,52,31,320,1,Partner,2
5510,1977,Postgraduate,Married,43263.0,0,1,21-11-2012,2,262,6,61,0,10,102,3,5,2,6,5,0,0,37,585,441,1,Partner,2
873,1949,Postgraduate,Married,62845.0,1,1,01-10-2012,3,1099,0,45,0,0,34,11,3,4,10,8,0,1,65,636,1178,2,Partner,1
2253,1990,Graduate,Married,18929.0,0,0,16-02-2013,15,32,0,8,23,4,18,1,1,0,4,6,0,0,24,498,85,0,Partner,2
5181,1982,Undergraduate,Single,24367.0,1,0,20-03-2013,58,2,4,2,0,11,5,1,1,0,2,9,0,0,32,466,24,1,Alone,0
979,1975,Graduate,Single,33249.0,1,0,20-02-2013,11,6,10,21,19,14,42,2,2,1,3,6,0,0,39,494,112,1,Alone,0
10390,1959,Undergraduate,Married,26887.0,0,1,10-02-2013,27,6,7,4,3,4,6,1,1,0,3,6,0,0,55,504,30,1,Partner,2
4698,1983,Postgraduate,Married,50150.0,0,0,20-06-2013,32,135,46,92,65,61,11,2,5,2,7,5,0,0,31,374,410,0,Partner,1
7793,1976,Graduate,Together,62061.0,0,1,31-08-2013,12,641,7,84,0,30,38,3,10,4,7,6,0,0,38,302,800,1,Partner,1
1745,1962,Postgraduate,Divorced,85696.0,0,0,03-05-2013,88,714,76,395,116,0,12,1,4,6,9,1,0,1,52,422,1313,0,Alone,3
10590,1956,Postgraduate,Together,76542.0,0,0,30-03-2013,91,794,73,573,0,29,14,1,4,8,10,2,0,0,58,456,1483,0,Partner,1
5080,1993,Graduate,Single,70515.0,0,0,21-10-2013,12,420,0,452,182,64,140,1,6,6,4,2,0,1,21,251,1258,0,Alone,3
8369,1987,Graduate,Together,18227.0,1,0,08-11-2012,21,1,2,7,4,3,11,1,0,1,2,8,0,0,27,598,28,1,Partner,2
5232,1965,Graduate,Married,69139.0,0,1,27-01-2014,23,86,12,75,33,15,6,1,4,1,5,4,0,0,49,153,227,1,Partner,2
2407,1982,Graduate,Married,69109.0,0,0,09-11-2012,10,823,25,459,124,29,95,1,6,6,7,4,0,1,32,597,1555,0,Partner,1
3834,1962,Graduate,Single,69627.0,0,1,17-03-2013,35,231,161,215,171,30,53,2,8,2,11,5,0,0,52,469,861,1,Alone,3
7912,1978,Graduate,Married,38136.0,1,0,22-04-2013,69,8,15,27,0,20,33,2,3,1,2,8,0,0,36,433,103,1,Partner,2
7712,1946,Postgraduate,Single,62159.0,0,0,28-04-2014,68,182,17,259,77,70,29,1,6,2,10,4,0,0,68,62,634,0,Alone,3
1065,1963,Graduate,Single,80695.0,0,0,29-12-2013,85,557,129,984,193,37,18,1,5,8,5,2,0,0,51,182,1918,0,Alone,3
7275,1971,Postgraduate,Single,33316.0,1,1,04-10-2013,34,79,1,31,4,4,12,3,2,1,4,6,0,0,43,268,131,2,Alone,0
1343,1968,Graduate,Together,58554.0,1,1,26-09-2012,55,368,24,68,38,0,88,6,8,2,6,7,0,0,46,641,586,2,Partner,2
1384,1992,Undergraduate,Married,17256.0,1,0,23-11-2013,10,6,4,14,8,8,22,2,2,1,2,8,0,0,22,218,62,1,Partner,2
9967,1974,Graduate,Divorced,53034.0,1,1,30-05-2013,30,160,15,196,15,11,50,8,6,1,7,8,0,0,40,395,447,2,Alone,0
6181,1950,Undergraduate,Together,52203.0,0,0,31-07-2012,36,488,21,238,56,108,28,1,8,7,11,6,0,0,64,698,939,0,Partner,1
10507,1977,Undergraduate,Divorced,59601.0,0,1,25-07-2013,14,691,7,69,0,7,23,4,2,2,7,8,0,0,37,339,797,1,Alone,0
2674,1958,Postgraduate,Single,75154.0,0,1,04-09-2012,79,543,10,205,160,143,82,1,6,3,6,3,0,1,56,663,1143,1,Alone,3
2698,1976,Graduate,Single,47025.0,0,1,07-11-2013,52,254,7,108,20,0,26,3,6,3,5,6,0,0,38,234,415,1,Alone,0
3231,1973,Graduate,Married,37971.0,1,0,25-11-2013,97,5,4,10,2,2,7,1,1,0,3,8,0,0,41,216,30,1,Partner,2
4096,1968,Postgraduate,Divorced,41335.0,1,0,26-12-2013,24,112,19,21,16,14,5,3,4,1,4,7,0,0,46,185,187,1,Alone,0
10476,1958,Graduate,Married,67267.0,0,1,13-05-2014,0,134,11,59,15,2,30,1,3,2,5,2,0,0,56,47,251,1,Partner,1
5948,1975,Graduate,Single,57338.0,0,1,29-04-2014,96,143,6,52,11,8,17,2,4,1,5,5,0,0,39,61,237,1,Alone,0
9140,1960,Undergraduate,Together,50523.0,1,1,25-12-2013,89,51,4,24,4,7,1,2,2,0,4,6,0,0,54,186,91,2,Partner,2
10258,1965,Postgraduate,Single,35791.0,2,1,06-05-2013,94,27,0,5,0,0,3,2,1,0,3,8,0,0,49,419,35,3,Alone,0
5675,1960,Postgraduate,Divorced,50611.0,0,1,04-10-2012,98,459,0,24,6,0,4,6,4,5,7,6,0,0,54,633,493,1,Alone,0
4743,1969,Postgraduate,Married,56242.0,0,1,03-03-2013,72,689,8,167,11,8,88,5,8,4,11,6,0,0,45,483,971,1,Partner,1
8805,1960,Graduate,Single,48904.0,0,1,02-12-2012,1,283,10,38,0,13,27,4,7,2,4,8,0,0,54,574,371,1,Alone,0
1542,1975,Graduate,Single,56243.0,1,2,30-12-2013,26,347,0,35,4,3,7,6,4,2,8,5,0,0,39,181,396,3,Alone,0
6770,1985,Graduate,Married,21355.0,1,0,20-08-2013,5,5,13,14,0,5,31,2,2,1,2,6,0,1,29,313,68,1,Partner,2
8773,1971,Postgraduate,Together,57420.0,0,1,25-06-2013,22,280,0,18,0,0,24,3,5,1,6,7,0,0,43,369,322,1,Partner,2
10475,1970,Postgraduate,Together,51381.5,0,1,01-04-2013,39,187,5,65,26,20,14,2,4,2,6,5,0,0,44,454,317,1,Partner,2
10420,1955,Postgraduate,Divorced,46390.0,0,1,05-05-2014,56,95,14,64,2,9,38,1,4,2,3,7,0,0,59,55,222,1,Alone,0
7514,1956,Undergraduate,Together,54342.0,1,1,03-07-2013,74,84,10,34,11,10,28,4,3,1,4,6,0,0,58,361,177,2,Partner,2
2902,1958,Graduate,Together,51381.5,1,1,03-09-2012,87,19,4,12,2,2,6,1,1,0,3,5,0,0,56,664,45,2,Partner,2
4345,1964,Undergraduate,Single,51381.5,1,1,12-01-2014,49,5,1,9,2,0,4,1,1,0,2,7,0,0,50,168,21,2,Alone,0
793,1973,Graduate,Married,20895.0,1,0,06-10-2012,24,18,3,17,3,0,4,1,2,0,3,9,0,0,41,631,45,1,Partner,2
10909,1948,Graduate,Married,92344.0,0,0,15-01-2014,9,992,24,694,51,19,119,0,5,10,5,1,0,0,66,165,1899,0,Partner,1
3769,1972,Postgraduate,Together,51381.5,1,0,02-03-2014,17,25,1,13,0,0,3,1,1,0,3,7,0,0,42,119,42,1,Partner,2
8702,1976,Undergraduate,Together,26907.0,1,1,20-08-2013,10,9,1,7,0,3,2,2,1,0,3,7,0,0,38,313,22,2,Partner,2
4791,1980,Graduate,Together,44964.0,1,1,16-12-2012,35,19,1,17,2,0,2,1,1,0,3,8,0,0,34,560,41,2,Partner,2
2963,1979,Graduate,Together,75507.0,0,0,02-05-2014,56,709,93,374,104,80,80,1,8,6,6,3,0,0,35,58,1440,0,Partner,1
8216,1972,Postgraduate,Married,53761.0,1,1,11-10-2013,7,158,0,76,13,7,71,6,4,4,3,5,0,0,42,261,325,2,Partner,2
8140,1973,Graduate,Together,22682.0,1,0,03-10-2013,51,10,14,29,4,2,36,3,2,1,4,4,0,0,41,269,95,1,Partner,2
10146,1972,Postgraduate,Together,38887.0,1,0,02-03-2014,17,25,1,13,0,0,3,1,1,0,3,7,0,0,42,119,42,1,Partner,2
5289,1975,Undergraduate,Single,41658.0,1,1,09-11-2012,30,8,4,12,15,4,29,2,1,1,2,4,0,0,39,597,72,2,Alone,0
2587,1972,Postgraduate,Married,29791.0,1,0,15-05-2014,21,14,0,6,0,0,0,2,2,0,3,5,0,0,42,45,20,1,Partner,2
4405,1956,Postgraduate,Married,63915.0,0,2,30-07-2013,2,622,7,115,30,0,15,2,6,3,12,5,0,0,58,334,789,2,Partner,1
8663,1974,Graduate,Divorced,39996.0,1,1,22-05-2014,85,11,0,3,0,0,1,1,1,0,2,6,0,0,40,38,15,2,Alone,0
2589,1972,Graduate,Divorced,26759.0,1,0,07-02-2014,65,25,3,16,8,5,2,2,2,1,3,6,0,0,42,142,59,1,Alone,0
3421,1968,Postgraduate,Divorced,63841.0,0,1,21-04-2013,64,635,15,100,20,7,131,1,9,3,9,6,0,0,46,434,908,1,Alone,3
10490,1969,Postgraduate,Married,51039.0,1,1,10-12-2012,11,100,64,79,65,0,109,2,6,2,4,7,0,0,45,566,417,2,Partner,2
4094,1961,Graduate,Married,60544.0,1,1,25-08-2012,92,201,2,43,3,5,35,4,5,1,5,6,0,0,53,673,289,2,Partner,2
9958,1972,Graduate,Married,65685.0,0,1,29-03-2014,54,642,14,49,0,7,57,1,9,2,9,5,0,0,42,92,769,1,Partner,1
2534,1953,Graduate,Married,37716.0,0,1,21-04-2014,4,97,1,41,6,2,41,2,4,1,3,7,0,0,61,69,188,1,Partner,2
4188,1957,Graduate,Single,36864.0,0,1,13-08-2012,53,204,5,39,17,0,89,3,5,2,4,8,0,1,57,685,354,1,Alone,0
6613,1970,Postgraduate,Married,44511.0,1,0,12-10-2012,39,513,7,133,46,14,14,6,8,4,8,8,0,0,44,625,727,1,Partner,1
10827,1967,Postgraduate,Married,36947.0,1,1,07-08-2012,49,88,3,21,4,1,29,4,3,0,4,9,0,0,47,691,146,2,Partner,2
5491,1951,Postgraduate,Together,47352.0,0,1,11-04-2013,70,172,12,112,8,0,15,4,6,1,5,7,0,0,63,444,319,1,Partner,2
8402,1953,Postgraduate,Married,67087.0,0,1,17-12-2013,40,329,35,222,130,35,43,2,7,5,8,4,0,0,61,194,794,1,Partner,1
8783,1950,Graduate,Married,57045.0,0,1,08-09-2012,40,296,13,104,11,13,17,3,4,2,9,3,0,0,64,659,454,1,Partner,1
10010,1953,Postgraduate,Divorced,36957.0,1,1,06-09-2012,43,100,2,16,2,1,31,4,3,2,2,9,0,1,61,661,152,2,Alone,0
618,1977,Postgraduate,Married,69389.0,0,1,28-09-2012,17,422,7,238,69,46,15,1,7,2,12,4,0,0,37,639,797,1,Partner,1
9121,1972,Graduate,Married,80134.0,1,0,20-05-2013,40,1218,16,272,104,0,80,2,5,3,6,6,0,1,42,405,1690,1,Partner,1
361,1969,Postgraduate,Married,43142.0,1,1,18-02-2014,84,5,1,7,2,1,4,1,1,0,2,7,0,0,45,131,20,2,Partner,2
4310,1944,Graduate,Married,80589.0,0,0,22-01-2014,25,507,93,520,242,40,26,1,5,10,5,1,0,1,70,158,1428,0,Partner,1
2678,1990,Graduate,Single,34412.0,1,0,13-02-2013,62,52,12,50,4,36,55,3,5,0,3,9,0,0,24,501,209,1,Alone,0
6376,1979,Graduate,Single,57537.0,1,0,10-06-2013,83,191,56,139,51,8,100,4,4,3,8,4,0,0,35,384,545,1,Alone,3
524,1966,Undergraduate,Together,22634.0,0,0,16-01-2013,47,2,23,11,8,6,46,1,2,1,2,8,0,0,48,529,96,0,Partner,2
10341,1948,Graduate,Together,51315.0,0,0,23-02-2014,45,68,28,39,16,30,41,1,2,2,5,2,0,0,66,126,222,0,Partner,1
5654,1972,Graduate,Married,36026.0,2,1,16-03-2014,34,20,4,10,6,4,17,2,2,0,3,6,0,0,42,105,61,3,Partner,2
4098,1973,Graduate,Married,24639.0,1,1,28-01-2014,3,20,3,16,0,4,1,3,2,0,4,6,0,0,41,152,44,2,Partner,2
5824,1972,Postgraduate,Together,34578.0,2,1,11-04-2014,1,7,0,1,0,0,0,1,1,0,2,6,0,0,42,79,8,3,Partner,2
7000,1972,Undergraduate,Single,65704.0,0,0,13-10-2013,18,279,172,74,38,8,246,1,2,10,10,1,0,0,42,259,817,0,Alone,3
2561,1966,Graduate,Single,63810.0,0,1,11-11-2012,45,977,12,253,16,12,101,4,4,3,12,8,0,0,48,595,1371,1,Alone,3
5229,1969,Postgraduate,Together,54132.0,0,1,16-02-2014,81,30,1,8,0,0,3,1,1,0,3,7,0,0,45,133,42,1,Partner,2
4086,1959,Graduate,Married,18690.0,0,0,28-12-2012,77,6,1,7,23,4,19,1,1,1,2,8,0,0,55,548,60,0,Partner,2
2428,1970,Graduate,Married,28164.0,1,0,04-05-2013,23,3,18,26,11,8,12,3,2,0,4,7,0,0,44,421,78,1,Partner,2
8254,1974,Postgraduate,Married,34596.0,1,0,13-04-2013,48,14,0,2,0,0,7,1,1,0,2,8,0,0,40,442,23,1,Partner,2
2836,1972,Postgraduate,Married,43269.0,1,0,16-09-2013,61,10,1,7,0,0,1,1,1,0,2,8,0,0,42,286,19,1,Partner,2
8418,1958,Undergraduate,Single,38741.0,1,1,30-03-2014,60,7,10,17,8,6,13,2,2,0,3,7,0,0,56,91,61,2,Alone,0
1362,1972,Graduate,Single,31907.0,0,0,04-03-2013,75,33,87,64,175,16,74,1,6,1,6,7,0,0,42,482,449,0,Alone,0
7152,1983,Postgraduate,Married,27100.0,1,0,05-04-2013,64,12,0,13,2,0,10,1,1,0,3,7,0,0,31,450,37,1,Partner,2
10033,1973,Undergraduate,Divorced,31163.0,1,0,13-02-2014,54,2,3,10,11,2,10,1,1,0,3,6,0,0,41,136,38,1,Alone,0
9349,1985,Graduate,Married,92533.0,0,0,19-12-2013,84,693,21,118,110,147,42,1,6,5,11,2,0,0,29,192,1131,0,Partner,1
274,1973,Graduate,Single,34853.0,1,1,23-12-2013,75,9,3,15,2,3,2,2,2,0,3,6,0,0,41,188,34,2,Alone,0
3388,1967,Graduate,Divorced,70844.0,1,1,30-10-2013,16,129,26,67,3,67,2,5,6,1,5,7,0,0,47,242,294,2,Alone,0
922,1979,Undergraduate,Married,31086.0,1,1,04-05-2013,79,16,2,11,3,0,16,2,1,1,2,8,0,0,35,421,48,2,Partner,2
8588,1961,Graduate,Married,60544.0,1,1,25-08-2012,92,201,2,43,3,5,35,4,5,1,5,6,0,0,53,673,289,2,Partner,2
2518,1986,Undergraduate,Together,20491.0,0,0,25-01-2013,16,5,4,5,4,2,10,1,0,1,2,7,0,0,28,520,30,0,Partner,2
574,1964,Graduate,Married,42523.0,0,0,23-04-2014,96,14,36,11,3,26,35,1,1,1,4,2,0,0,50,67,125,0,Partner,2
3220,1983,Graduate,Married,39922.0,1,0,14-02-2013,30,29,12,59,19,1,36,2,3,0,4,8,0,0,31,500,156,1,Partner,2
5967,1952,Graduate,Together,33402.0,1,1,18-07-2013,60,26,2,19,10,5,8,3,2,1,3,8,0,0,62,346,70,2,Partner,2
1183,1949,Postgraduate,Married,36408.0,1,1,21-09-2013,11,9,1,4,3,2,3,1,1,0,2,6,0,0,65,281,22,2,Partner,2
6856,1979,Graduate,Together,21645.0,1,0,03-09-2012,75,14,0,23,4,5,19,3,3,0,3,9,0,1,35,664,65,1,Partner,2
4530,1948,Postgraduate,Widow,78427.0,0,0,24-10-2012,36,972,19,595,180,26,138,3,3,7,10,3,0,1,66,613,1930,0,Alone,3
1553,1946,Graduate,Together,82657.0,0,0,27-09-2013,71,966,168,672,246,105,126,1,7,5,10,4,0,0,68,275,2283,0,Partner,1
4682,1958,Graduate,Married,51876.0,0,0,15-10-2013,88,99,27,102,28,48,6,1,2,2,8,1,0,0,56,257,310,0,Partner,1
8204,1971,Undergraduate,Married,78041.0,0,0,16-12-2012,93,482,35,553,72,160,17,1,4,4,9,2,0,0,43,560,1319,0,Partner,1
5221,1957,Graduate,Married,52852.0,0,1,01-12-2012,93,714,8,99,11,0,47,4,10,7,5,8,0,0,57,575,879,1,Partner,1
1232,1982,Postgraduate,Together,70038.0,0,0,25-10-2013,54,587,54,348,71,54,130,1,4,4,8,2,0,0,32,247,1244,0,Partner,1
1927,1973,Undergraduate,Together,69401.0,0,1,23-03-2014,41,399,27,159,58,8,39,4,4,4,5,2,0,0,41,98,690,1,Partner,1
5788,1972,Graduate,Together,46053.0,1,0,17-02-2013,46,56,10,92,19,7,25,3,3,2,4,5,0,0,42,497,209,1,Partner,2
6652,1965,Graduate,Married,77343.0,0,0,09-06-2014,28,227,151,573,98,54,31,1,3,4,9,1,0,0,49,20,1134,0,Partner,1
6246,1953,Graduate,Single,73892.0,0,0,13-11-2013,40,703,102,601,0,58,43,1,3,11,8,1,0,1,61,228,1507,0,Alone,3
5975,1967,Postgraduate,Single,40304.0,1,0,30-09-2013,82,37,0,17,0,0,3,1,2,0,3,7,0,0,47,272,57,1,Alone,0
6875,1965,Postgraduate,Together,32727.0,0,0,28-08-2012,38,167,13,180,86,13,70,2,7,3,5,8,0,0,49,670,529,0,Partner,2
4399,1969,Graduate,Together,68695.0,0,0,25-06-2014,3,458,81,356,106,50,40,1,4,4,7,2,0,0,45,4,1091,0,Partner,1
4042,1971,Graduate,Divorced,43300.0,0,1,13-10-2012,87,91,3,52,2,1,31,3,4,0,4,8,0,1,43,624,180,1,Alone,0
2157,1972,Graduate,Together,26290.0,1,1,12-01-2013,49,15,8,16,11,5,22,4,2,0,4,6,0,0,42,533,77,2,Partner,2
10133,1970,Graduate,Single,93790.0,0,0,12-02-2014,16,1302,68,731,89,114,45,0,6,7,12,2,0,1,44,137,2349,0,Alone,3
2525,1974,Postgraduate,Married,38410.0,0,0,14-09-2012,65,153,64,123,116,64,14,2,5,2,9,6,0,1,40,653,534,0,Partner,1
8233,1950,Postgraduate,Widow,64866.0,0,1,26-01-2014,9,508,5,21,7,5,10,4,7,3,7,5,0,0,64,154,556,1,Alone,3
9483,1959,Graduate,Together,57957.0,0,1,19-08-2013,24,290,59,177,77,5,29,7,4,6,8,3,1,0,55,314,637,1,Partner,1
2945,1955,Postgraduate,Together,46015.0,1,1,13-04-2014,25,38,0,2,0,0,6,1,1,0,3,7,0,0,59,77,46,2,Partner,2
10403,1978,Graduate,Together,16531.0,1,0,18-06-2014,43,2,13,6,7,5,11,3,3,0,3,7,0,0,36,11,44,1,Partner,2
5074,1986,Postgraduate,Married,28072.0,1,0,08-07-2013,10,30,0,10,2,0,5,1,1,0,3,7,0,0,28,356,47,1,Partner,2
10524,1963,Postgraduate,Divorced,49476.0,0,1,20-06-2013,29,386,23,95,54,41,196,4,2,11,5,2,0,0,51,374,795,1,Alone,3
4690,1953,Graduate,Married,50725.0,0,1,13-02-2013,45,443,10,75,0,10,48,4,8,1,8,8,0,0,61,501,586,1,Partner,2
7521,1952,Graduate,Together,83844.0,0,0,12-05-2013,57,901,31,345,75,31,191,1,4,4,11,1,0,0,62,413,1574,0,Partner,1
7196,1950,Postgraduate,Married,41145.0,1,1,08-02-2014,20,9,0,3,0,0,1,1,0,0,3,3,0,0,64,141,13,2,Partner,2
4406,1970,Graduate,Together,67419.0,0,1,16-01-2013,29,846,84,352,91,56,42,4,9,4,8,5,0,0,44,529,1471,1,Partner,1
9672,1970,Undergraduate,Married,23162.0,1,1,21-12-2013,82,8,3,9,19,4,22,3,1,1,3,6,0,0,44,190,65,2,Partner,2
4864,1977,Graduate,Married,34380.0,1,0,02-05-2013,68,72,7,58,13,1,24,4,4,1,3,8,0,0,37,423,175,1,Partner,2
4706,1966,Graduate,Single,34704.0,0,1,27-04-2013,65,29,0,5,0,1,5,1,1,0,3,5,0,0,48,428,40,1,Alone,0
4070,1969,Postgraduate,Married,94871.0,0,2,01-09-2012,99,169,24,553,188,0,144,1,8,5,4,7,0,1,45,666,1078,2,Partner,1
25,1958,Graduate,Married,65148.0,0,1,16-11-2012,9,460,35,422,33,12,153,2,6,6,7,4,0,0,56,590,1115,1,Partner,1
3697,1954,Graduate,Together,39898.0,0,1,12-02-2013,20,69,8,26,12,7,12,2,3,0,4,7,0,0,60,502,134,1,Partner,2
217,1956,Postgraduate,Single,64857.0,0,0,23-11-2012,78,556,14,717,210,0,43,1,7,5,10,4,0,0,58,583,1540,0,Alone,3
4220,1970,Postgraduate,Married,59892.0,0,1,02-11-2013,26,73,0,13,0,1,0,1,2,1,3,3,0,0,44,239,87,1,Partner,2
5286,1987,Postgraduate,Single,41020.0,0,0,28-10-2013,68,112,1,54,7,7,36,1,3,2,4,3,0,0,27,244,217,0,Alone,0
9559,1961,Postgraduate,Married,57072.0,0,1,24-01-2014,79,944,0,60,0,0,30,2,7,5,13,5,0,0,53,156,1034,1,Partner,1
2849,1979,Graduate,Single,60474.0,0,1,01-04-2013,25,265,199,303,234,9,170,7,10,2,12,7,0,0,35,454,1180,1,Alone,3
7787,1960,Graduate,Together,62807.0,0,1,31-08-2012,83,526,28,135,10,21,99,3,5,3,12,5,0,0,54,667,819,1,Partner,1
3102,1981,Undergraduate,Together,19414.0,1,0,16-10-2013,32,2,3,12,3,5,7,1,1,0,3,8,0,0,33,256,32,1,Partner,2
5868,1980,Graduate,Married,19107.0,1,0,22-08-2013,49,2,4,9,10,5,16,2,1,0,3,7,0,0,34,311,46,1,Partner,2
8370,1976,Undergraduate,Together,75484.0,0,1,02-08-2012,50,378,97,259,197,194,34,2,7,3,6,4,0,0,38,696,1159,1,Partner,1
9988,1976,Postgraduate,Single,70379.0,0,1,03-03-2013,84,553,25,142,65,67,8,3,6,3,13,4,0,0,38,483,860,1,Alone,3
2939,1970,Postgraduate,Together,79419.0,0,0,22-06-2014,96,751,127,687,20,15,31,1,4,6,4,2,0,0,44,7,1631,0,Partner,1
5529,1946,Postgraduate,Together,64014.0,2,1,10-06-2014,56,406,0,30,0,0,8,7,8,2,5,7,0,0,68,19,444,3,Partner,2
9743,1955,Graduate,Married,76998.0,0,1,11-01-2013,85,1449,89,161,69,35,107,2,11,8,8,6,0,0,59,534,1910,1,Partner,1
5763,1972,Postgraduate,Together,49854.0,1,0,10-11-2013,63,123,17,171,39,0,30,5,6,2,5,6,0,0,42,231,380,1,Partner,2
3478,1971,Postgraduate,Married,60585.0,1,1,24-06-2013,17,267,42,309,55,42,21,10,7,4,9,5,0,1,43,370,736,2,Partner,1
7494,1950,Postgraduate,Divorced,42873.0,1,1,21-01-2013,11,209,0,40,3,2,15,4,6,1,4,8,0,0,64,524,269,2,Alone,0
1763,1988,Graduate,Together,87679.0,0,0,27-07-2013,62,1259,172,815,97,148,33,1,7,11,10,4,0,1,26,337,2524,0,Partner,1
7250,1978,Graduate,Together,57867.0,1,0,01-10-2013,48,344,35,178,15,23,17,7,7,2,9,6,0,0,36,271,612,1,Partner,1
2005,1990,Graduate,Married,35765.0,1,0,11-12-2013,86,22,3,30,0,5,15,2,2,0,4,6,0,0,24,200,75,1,Partner,2
10770,1959,Graduate,Married,65492.0,0,0,26-01-2014,73,247,161,295,210,85,47,2,4,7,13,2,0,0,55,154,1045,0,Partner,1
6885,1977,Graduate,Divorced,32952.0,1,0,01-12-2013,36,38,0,12,3,1,1,1,2,0,3,7,0,0,37,210,55,1,Alone,0
2072,1969,Postgraduate,Together,53374.0,0,1,16-08-2012,34,896,10,101,13,10,34,6,4,2,9,9,0,1,45,682,1064,1,Partner,2
9463,1959,Graduate,Together,71706.0,0,1,13-11-2012,16,931,56,253,91,98,14,4,9,5,7,5,0,0,55,593,1443,1,Partner,1
6318,1988,Graduate,Married,68487.0,0,0,13-01-2013,48,758,12,385,33,89,89,1,9,7,13,4,0,0,26,532,1366,0,Partner,1
4093,1975,Postgraduate,Together,53253.0,1,1,11-02-2013,61,216,9,57,20,9,125,7,4,3,5,5,0,0,39,503,436,2,Partner,2
5751,1973,Undergraduate,Divorced,31163.0,1,0,13-02-2014,54,2,3,10,11,2,10,1,1,0,3,6,0,0,41,136,38,1,Alone,0
3340,1977,Graduate,Married,42014.0,1,0,17-08-2012,56,244,15,108,4,15,50,6,7,1,6,8,0,1,37,681,436,1,Partner,2
3594,1973,Postgraduate,Married,54108.0,1,1,05-11-2012,74,539,6,91,8,6,97,13,8,2,9,8,0,0,41,601,747,2,Partner,2
3584,1955,Postgraduate,Single,49667.0,0,0,20-08-2012,35,1181,26,120,17,13,39,2,5,10,5,8,0,1,59,678,1396,0,Alone,3
3643,1974,Postgraduate,Married,63206.0,0,0,20-03-2014,65,750,8,125,11,8,26,1,4,3,6,2,0,0,40,101,928,0,Partner,1
851,1972,Postgraduate,Married,57136.0,1,1,09-07-2013,48,306,5,109,21,109,92,9,5,2,10,6,0,0,42,355,642,2,Partner,2
7706,1975,Undergraduate,Together,46772.0,0,1,07-11-2012,88,350,104,189,197,151,57,6,11,8,5,8,0,0,39,599,1048,1,Partner,1
3967,1971,Postgraduate,Married,78931.0,0,0,25-10-2013,19,331,197,170,58,152,35,1,2,8,13,1,0,0,43,247,943,0,Partner,1
10128,1958,Graduate,Together,53977.0,0,1,08-06-2013,21,620,16,165,0,24,82,5,5,5,12,5,0,0,56,386,907,1,Partner,1
486,1988,Graduate,Married,84219.0,0,0,02-02-2014,27,434,137,400,45,137,45,1,3,4,10,1,0,0,26,147,1198,0,Partner,1
9,1975,Postgraduate,Single,46098.0,1,1,18-08-2012,86,57,0,27,0,0,36,4,3,2,2,8,0,0,39,680,120,2,Alone,0
9451,1965,Graduate,Married,73538.0,0,1,25-11-2012,92,811,76,428,99,137,107,3,10,4,9,7,0,0,49,581,1658,1,Partner,1
9264,1986,Graduate,Married,79529.0,0,0,27-04-2014,1,423,42,706,73,197,197,1,4,8,9,2,0,0,28,63,1638,0,Partner,1
3865,1977,Undergraduate,Together,20981.0,0,0,30-04-2013,14,2,12,10,6,13,30,1,3,1,2,8,0,1,37,425,73,0,Partner,2
2853,1980,Graduate,Single,51766.0,1,0,11-03-2014,74,60,51,87,6,20,51,2,4,2,4,5,0,0,34,110,275,1,Alone,0
1490,1962,Graduate,Married,55759.0,0,1,28-11-2012,84,675,0,85,10,7,77,5,10,3,8,8,0,0,52,578,854,1,Partner,1
6310,1978,Graduate,Married,33039.0,1,0,09-09-2013,4,30,8,12,8,8,12,1,2,0,4,5,0,0,36,293,78,1,Partner,2
10380,1972,Postgraduate,Married,37787.0,1,0,20-09-2013,50,40,1,40,4,3,18,1,3,0,3,8,0,0,42,282,106,1,Partner,2
3887,1970,Graduate,Single,27242.0,1,0,11-11-2012,2,3,17,26,20,1,39,2,2,0,3,9,0,1,44,595,106,1,Alone,0
4278,1983,Postgraduate,Single,87188.0,0,0,03-06-2013,73,910,111,724,49,74,55,1,10,2,6,3,0,1,31,391,1923,0,Alone,3
8643,1971,Graduate,Together,69930.0,0,0,26-05-2013,21,252,98,827,219,70,196,1,4,5,12,3,0,0,43,399,1662,0,Partner,1
1998,1976,Graduate,Single,37697.0,1,0,07-02-2014,82,34,6,21,11,4,8,1,2,1,3,6,0,0,38,142,84,1,Alone,0
10795,1973,Postgraduate,Married,37401.0,1,0,06-05-2014,14,19,3,19,3,1,3,2,2,0,3,7,0,0,41,54,48,1,Partner,2
11110,1973,Graduate,Single,3502.0,1,0,13-04-2013,56,2,1,1,0,0,1,0,0,0,0,14,0,0,41,442,5,1,Alone,0
2408,1976,Graduate,Married,58597.0,1,1,20-11-2012,20,490,0,184,10,28,21,12,7,4,9,7,0,0,38,586,733,2,Partner,2
202,1948,Postgraduate,Widow,82032.0,0,0,05-04-2014,54,332,194,377,149,125,57,0,4,6,7,1,0,0,66,85,1234,0,Alone,3
7998,1958,Graduate,Together,28087.0,1,1,11-12-2012,77,53,8,17,13,0,21,3,2,2,2,7,0,0,56,565,112,2,Partner,2
830,1987,Postgraduate,Single,74004.0,0,0,24-02-2014,5,784,48,560,42,176,48,1,4,6,4,3,0,1,27,125,1658,0,Alone,3
3536,1960,Graduate,Together,19740.0,0,1,24-03-2013,65,7,11,3,10,4,20,2,1,1,3,5,0,0,54,462,55,1,Partner,2
6050,1975,Undergraduate,Married,57036.0,0,1,11-12-2012,33,1171,43,219,19,14,47,4,6,3,13,9,0,0,39,565,1513,1,Partner,1
125,1958,Undergraduate,Together,53083.0,1,1,15-05-2013,65,215,7,33,3,0,13,6,5,1,5,7,0,0,56,410,271,2,Partner,2
3463,1975,Postgraduate,Married,69283.0,0,1,14-06-2014,41,674,62,134,0,26,8,4,7,3,13,5,0,0,39,15,904,1,Partner,1
2804,1975,Postgraduate,Single,46098.0,1,1,18-08-2012,86,57,0,27,0,0,36,4,3,2,2,8,0,1,39,680,120,2,Alone,0
3745,1988,Undergraduate,Married,23331.0,1,0,04-09-2012,92,5,36,7,0,10,45,2,3,0,3,8,0,0,26,663,103,1,Partner,2
9771,1988,Undergraduate,Single,23331.0,1,0,05-10-2012,97,104,20,101,24,15,5,6,5,1,5,9,0,0,26,632,269,1,Alone,0
451,1989,Graduate,Single,9255.0,1,0,20-12-2013,91,9,0,7,2,0,4,1,1,1,2,8,0,0,25,191,22,1,Alone,0
10530,1959,Postgraduate,Widow,67786.0,0,0,07-12-2013,0,431,82,441,80,20,102,1,3,6,6,1,0,1,55,204,1156,0,Alone,3
1079,1971,Postgraduate,Married,71969.0,0,1,16-10-2012,59,1000,0,76,0,0,10,3,3,4,9,8,0,0,43,621,1086,1,Partner,1
8920,1967,Postgraduate,Single,59235.0,1,0,12-01-2013,4,448,40,469,80,0,91,3,11,2,12,7,0,0,47,533,1128,1,Alone,3
6678,1989,Graduate,Together,31928.0,1,0,28-03-2014,5,33,4,24,4,2,5,2,3,0,4,7,0,0,25,93,72,1,Partner,2
3852,1961,Postgraduate,Together,74881.0,1,1,08-03-2013,48,505,72,270,36,27,54,4,9,2,12,5,0,0,53,478,964,2,Partner,1
528,1978,Graduate,Married,65819.0,0,0,29-11-2012,99,267,38,701,149,165,63,1,5,4,10,3,0,0,36,577,1383,0,Partner,1
73,1953,Postgraduate,Single,51411.0,1,2,26-05-2013,81,14,0,3,0,0,1,1,0,0,3,5,0,0,61,399,18,3,Alone,0
5589,1964,Graduate,Divorced,51983.0,0,1,31-08-2012,95,631,0,115,10,7,30,3,9,2,10,7,0,0,50,667,793,1,Alone,3
10212,1986,Postgraduate,Together,42386.0,1,0,13-01-2013,43,65,4,16,0,4,11,1,3,0,3,8,0,0,28,532,100,1,Partner,2
6365,1987,Undergraduate,Married,30390.0,0,0,02-09-2013,5,10,12,12,25,1,20,1,2,0,3,6,0,0,27,300,80,0,Partner,2
5636,1963,Graduate,Single,30983.0,0,0,09-11-2012,50,51,4,50,12,1,49,1,4,0,3,8,0,1,51,597,167,0,Alone,0
591,1957,Graduate,Widow,66033.0,0,1,20-01-2013,76,293,35,179,46,59,65,2,8,3,7,7,0,0,57,525,677,1,Alone,3
2217,1975,Undergraduate,Married,37284.0,1,1,29-03-2013,46,11,1,2,2,1,6,1,0,0,3,6,0,0,39,457,23,2,Partner,2
2544,1951,Postgraduate,Divorced,57530.0,0,1,12-10-2013,68,50,1,27,6,7,1,1,1,1,4,1,0,0,63,260,92,1,Alone,0
7725,1965,Undergraduate,Married,76800.0,0,0,08-03-2014,33,173,26,255,35,71,81,1,4,4,7,1,0,0,49,113,641,0,Partner,1
8091,1956,Graduate,Married,63943.0,0,1,02-09-2012,50,423,184,368,13,97,21,1,6,4,6,5,0,0,58,665,1106,1,Partner,1
7321,1962,Graduate,Together,76081.0,0,0,23-05-2014,85,292,30,415,63,33,200,1,4,5,4,2,0,0,52,37,1033,0,Partner,1
5462,1974,Graduate,Married,67445.0,0,1,12-08-2012,63,757,80,217,29,80,11,5,9,6,12,6,0,0,40,686,1174,1,Partner,1
7791,1967,Postgraduate,Married,37054.0,1,1,15-09-2013,89,12,1,6,0,1,5,2,1,0,3,7,0,0,47,287,25,2,Partner,2
955,1962,Postgraduate,Together,47175.0,1,1,28-10-2012,81,167,2,44,6,2,19,7,4,2,4,8,0,1,52,609,240,2,Partner,2
4037,1976,Graduate,Divorced,31859.0,1,0,14-06-2013,77,3,1,3,8,0,5,1,1,0,2,7,0,0,38,380,20,1,Alone,0
6642,1961,Graduate,Divorced,27215.0,2,1,23-01-2013,50,30,5,22,8,9,28,4,2,1,4,6,0,0,53,522,102,3,Alone,0
2793,1976,Postgraduate,Divorced,70179.0,0,1,21-07-2013,10,532,88,168,69,44,133,3,7,3,13,5,0,0,38,343,1034,1,Alone,3
5424,1983,Graduate,Married,39922.0,1,0,14-02-2013,30,29,12,59,19,1,36,2,3,0,4,8,0,0,31,500,156,1,Partner,2
879,1976,Postgraduate,Married,49681.0,0,2,04-11-2013,66,411,0,26,0,0,21,6,7,1,7,7,0,0,38,237,458,2,Partner,2
9530,1988,Graduate,Married,24645.0,1,0,01-11-2012,16,5,3,4,4,1,0,1,1,0,2,8,0,0,26,605,17,1,Partner,2
4828,1954,Graduate,Divorced,79865.0,0,1,18-06-2014,12,71,99,278,185,121,38,1,5,10,5,1,0,0,60,11,792,1,Alone,3
10699,1985,Graduate,Married,44322.0,1,0,16-06-2014,30,46,0,40,3,0,3,2,3,0,3,8,0,0,29,13,92,1,Partner,2
1497,1952,Graduate,Single,47958.0,0,1,19-01-2013,8,268,11,88,15,3,22,2,6,3,5,5,0,0,62,526,407,1,Alone,0
7476,1964,Postgraduate,Single,63972.0,0,1,02-12-2012,93,928,63,254,0,12,12,4,5,4,10,4,0,0,50,574,1269,1,Alone,3
4390,1954,Graduate,Together,75315.0,0,1,15-04-2014,14,459,15,171,142,23,31,2,5,4,12,2,0,0,60,75,841,1,Partner,1
10478,1950,Postgraduate,Married,55517.0,1,1,27-09-2012,53,483,0,108,0,6,36,5,11,1,6,9,0,1,64,640,633,2,Partner,2
1081,1957,Postgraduate,Married,75283.0,1,2,27-03-2013,26,733,9,180,12,19,66,11,6,3,5,4,0,0,57,459,1019,3,Partner,2
4261,1946,Postgraduate,Single,82800.0,0,0,24-11-2012,23,1006,22,115,59,68,45,1,7,6,12,3,0,1,68,582,1315,0,Alone,3
9916,1954,Graduate,Married,38998.0,1,1,03-11-2012,92,34,1,14,0,0,5,3,2,0,3,8,1,0,60,603,54,2,Partner,2
5350,1991,Postgraduate,Single,90638.0,0,0,13-02-2014,29,1156,120,915,94,144,96,1,3,4,10,1,0,1,23,136,2525,0,Alone,3
8135,1986,Postgraduate,Married,27161.0,1,0,28-10-2013,41,7,4,23,7,0,11,1,1,0,3,7,0,0,28,244,52,1,Partner,2
8685,1977,Graduate,Married,42014.0,1,0,17-08-2012,56,244,15,108,4,15,50,6,7,1,6,8,0,1,37,681,436,1,Partner,2
4967,1960,Postgraduate,Together,38201.0,0,1,29-03-2013,19,233,0,23,0,0,12,4,5,1,5,8,0,0,54,457,268,1,Partner,2
2130,1982,Graduate,Together,45203.0,2,0,23-03-2014,4,35,3,67,10,8,24,1,3,1,3,6,0,1,32,98,147,2,Partner,2
9298,1947,Postgraduate,Together,81574.0,0,0,28-04-2014,89,1252,0,465,46,35,0,1,4,5,8,1,0,0,67,62,1798,0,Partner,1
8175,1992,Graduate,Married,34935.0,0,0,21-06-2013,71,34,4,66,3,10,20,1,2,1,4,7,0,0,22,373,137,0,Partner,2
6257,1976,Postgraduate,Single,60482.0,0,1,23-01-2013,81,255,43,134,37,14,24,1,7,2,7,7,0,0,38,522,507,1,Alone,0
3790,1956,Graduate,Together,34633.0,2,1,23-01-2014,31,8,1,5,0,0,1,1,1,0,2,6,0,0,58,157,15,3,Partner,2
9952,1947,Postgraduate,Together,78093.0,0,0,11-12-2013,53,368,32,639,13,43,10,1,4,7,5,1,0,0,67,200,1105,0,Partner,1
3503,1950,Graduate,Divorced,82460.0,0,0,02-12-2013,78,255,47,573,52,32,15,1,5,3,6,1,0,0,64,209,974,0,Alone,3
5223,1966,Postgraduate,Together,45903.0,0,1,23-04-2014,80,33,8,10,2,10,3,2,2,1,3,4,0,0,48,67,66,1,Partner,2
4608,1987,Graduate,Divorced,81361.0,0,0,25-02-2014,18,163,23,424,27,65,76,1,3,10,13,1,0,1,27,124,778,0,Alone,3
1626,1973,Postgraduate,Divorced,35860.0,1,1,19-05-2014,37,15,0,8,4,2,20,2,1,1,2,5,0,1,41,41,49,2,Alone,0
4764,1952,Postgraduate,Together,40442.0,1,1,19-08-2012,52,45,12,52,25,22,13,4,3,1,4,7,0,1,62,679,169,2,Partner,2
2471,1965,Graduate,Married,61482.0,0,0,27-06-2014,39,48,58,68,16,66,43,1,3,2,6,2,0,0,49,2,299,0,Partner,1
5892,1980,Graduate,Married,34968.0,1,0,10-04-2013,11,158,6,45,8,2,2,7,3,2,5,7,0,0,34,445,221,1,Partner,2
2612,1987,Graduate,Married,75794.0,0,0,24-12-2013,33,754,160,625,63,32,48,1,7,5,12,3,0,0,27,187,1682,0,Partner,1
4971,1962,Postgraduate,Together,31497.0,0,1,06-12-2012,22,108,1,28,13,1,4,2,3,1,4,8,0,0,52,570,155,1,Partner,2
5185,1955,Graduate,Married,74268.0,0,0,14-02-2013,83,199,66,315,97,174,41,1,4,3,5,2,0,0,59,500,892,0,Partner,1
10069,1988,Undergraduate,Together,13724.0,1,0,31-08-2012,43,2,7,5,2,15,27,1,2,0,2,9,0,0,26,667,58,1,Partner,2
2262,1965,Postgraduate,Together,45143.0,0,1,26-08-2013,74,202,5,74,11,5,14,3,6,1,5,7,0,0,49,307,311,1,Partner,2
1131,1967,Postgraduate,Single,52569.0,0,1,05-04-2014,54,85,0,3,0,0,7,1,2,0,4,3,0,0,47,85,95,1,Alone,0
1041,1973,Postgraduate,Single,48432.0,0,1,18-10-2012,3,322,3,50,4,3,42,5,7,1,6,8,0,1,41,619,424,1,Alone,0
24,1960,Postgraduate,Together,17144.0,1,1,15-02-2014,96,18,2,19,0,2,6,5,3,0,4,7,0,0,54,134,47,2,Partner,2
3409,1984,Graduate,Single,36108.0,1,0,15-10-2013,68,141,8,129,3,11,47,3,7,1,4,9,0,0,30,257,339,1,Alone,0
7022,1971,Graduate,Married,76445.0,1,0,28-09-2012,2,739,107,309,140,80,35,1,2,5,13,6,0,0,43,639,1410,1,Partner,1
7943,1975,Postgraduate,Married,36663.0,1,0,25-04-2014,40,18,0,6,3,3,5,1,1,1,3,2,0,0,39,65,35,1,Partner,2
5272,1965,Postgraduate,Married,53843.0,0,1,27-06-2013,64,378,0,88,19,4,73,4,8,5,3,7,0,0,49,367,562,1,Partner,2
5453,1956,Postgraduate,Married,90226.0,0,0,26-09-2012,26,1083,108,649,253,151,108,1,4,7,12,2,0,0,58,641,2352,0,Partner,1
2565,1955,Postgraduate,Divorced,70638.0,0,0,01-06-2013,69,1016,12,215,16,12,63,1,4,5,10,3,0,0,59,393,1334,0,Alone,3
800,1960,Graduate,Together,44512.0,1,1,30-08-2013,57,23,1,6,0,0,2,2,1,0,3,4,0,0,54,303,32,2,Partner,2
11092,1961,Graduate,Married,27116.0,1,1,02-03-2014,78,12,1,21,2,2,3,2,2,0,3,7,0,0,53,119,41,2,Partner,2
5062,1963,Postgraduate,Married,54072.0,1,1,27-07-2013,71,35,0,4,0,0,0,1,2,0,2,8,0,0,51,337,39,2,Partner,2
8969,1977,Graduate,Married,71855.0,0,1,16-01-2013,59,548,31,422,0,112,28,4,5,5,11,3,0,0,37,529,1141,1,Partner,1
4656,1990,Undergraduate,Single,51250.0,1,0,30-03-2013,28,342,32,230,34,32,40,5,10,5,4,9,0,0,24,456,710,1,Alone,0
4480,1973,Postgraduate,Married,60432.0,0,1,09-03-2014,61,365,3,15,4,3,11,5,7,2,5,6,0,0,41,112,401,1,Partner,2
9971,1964,Postgraduate,Married,65526.0,0,1,11-04-2014,22,397,19,69,12,0,9,1,4,4,8,2,0,0,50,79,506,1,Partner,1
6729,1988,Graduate,Single,68655.0,0,0,10-08-2012,95,456,19,832,75,118,38,1,4,5,11,3,0,0,26,688,1538,0,Alone,3
1773,1978,Undergraduate,Married,12393.0,0,0,04-12-2012,38,5,6,15,11,7,13,1,2,0,3,9,0,0,36,572,57,0,Partner,2
9242,1990,Graduate,Single,64509.0,0,0,17-08-2013,19,836,185,575,24,25,77,1,6,3,9,4,0,1,24,316,1722,0,Alone,3
1764,1975,Graduate,Single,33955.0,1,0,09-08-2013,92,100,2,128,23,7,10,4,5,1,5,8,0,0,39,324,270,1,Alone,0
6215,1977,Graduate,Married,31353.0,1,1,29-12-2013,24,10,0,10,3,1,7,2,1,1,2,8,0,1,37,182,31,2,Partner,2
10099,1984,Graduate,Married,55434.0,1,0,05-10-2013,21,238,115,215,169,69,76,3,5,3,13,4,0,0,30,267,882,1,Partner,1
5423,1983,Graduate,Together,28359.0,1,0,27-10-2013,35,6,0,5,2,1,2,1,1,0,2,7,0,0,31,245,16,1,Partner,2
940,1987,Graduate,Single,57100.0,1,0,18-05-2014,9,158,11,99,15,11,17,2,3,2,7,3,0,0,27,42,311,1,Alone,0
3011,1965,Graduate,Married,69139.0,0,1,27-01-2014,23,86,12,75,33,15,6,1,4,1,5,4,0,0,49,153,227,1,Partner,2
3298,1956,Postgraduate,Married,52973.0,0,1,08-11-2012,92,856,0,76,12,9,199,7,9,6,9,8,0,0,58,598,1152,1,Partner,1
8286,1965,Postgraduate,Together,51717.0,0,1,20-08-2013,55,98,1,17,0,1,5,1,3,0,4,7,0,0,49,313,122,1,Partner,2
9668,1971,Graduate,Married,18793.0,1,0,12-01-2013,14,4,16,20,0,17,20,3,2,0,4,8,0,0,43,533,77,1,Partner,2
5120,1982,Undergraduate,Together,66664.0,0,0,25-09-2012,78,398,96,447,220,96,32,1,5,7,6,3,0,0,32,642,1289,0,Partner,1
6097,1959,Graduate,Single,50664.0,1,1,16-01-2013,64,313,8,104,6,4,126,9,8,1,6,9,0,0,55,529,561,2,Alone,0
7019,1963,Graduate,Together,54414.0,1,1,23-01-2013,49,109,18,16,24,26,18,4,3,1,5,4,0,0,51,522,211,2,Partner,2
7408,1952,Postgraduate,Married,54549.0,0,1,03-03-2014,8,216,2,6,0,0,9,2,5,1,4,7,0,0,62,118,233,1,Partner,2
8041,1971,Postgraduate,Widow,47111.0,0,1,08-09-2012,35,595,71,153,120,112,41,6,3,2,10,9,0,0,43,659,1092,1,Alone,0
252,1963,Postgraduate,Divorced,41003.0,0,0,17-03-2013,11,123,133,142,71,44,88,1,6,2,8,6,0,0,51,469,601,0,Alone,3
9986,1982,Graduate,Together,19444.0,1,0,22-02-2014,8,16,0,23,3,2,10,3,4,1,2,7,0,1,32,127,54,1,Partner,2
3276,1976,Undergraduate,Together,36301.0,1,0,25-10-2013,53,11,12,35,3,5,12,1,3,0,3,7,0,0,38,247,78,1,Partner,2
3859,1947,Postgraduate,Together,73059.0,0,1,31-08-2013,36,410,112,420,0,82,71,1,9,3,13,4,0,0,67,302,1095,1,Partner,1
3570,1969,Postgraduate,Together,42731.0,1,0,21-10-2013,64,159,2,51,6,2,24,3,4,1,5,5,0,0,45,251,244,1,Partner,2
3783,1959,Postgraduate,Married,52854.0,1,1,24-03-2014,43,105,0,10,0,1,0,2,2,1,4,5,0,0,55,97,116,2,Partner,2
10207,1978,Graduate,Together,22775.0,1,0,19-06-2013,40,5,1,8,0,0,1,1,1,0,2,8,0,0,36,375,15,1,Partner,2
10906,1948,Postgraduate,Together,46681.0,0,2,08-10-2013,52,269,15,69,15,19,38,2,4,6,4,5,0,0,66,264,425,2,Partner,2
3427,1955,Postgraduate,Married,59821.0,0,1,12-04-2013,11,629,0,70,0,0,35,6,11,2,7,8,0,0,59,443,734,1,Partner,1
5209,1954,Graduate,Divorced,50002.0,0,1,17-06-2013,21,443,5,71,21,16,82,2,8,2,7,7,0,0,60,377,638,1,Alone,3
10711,1945,Graduate,Married,69755.0,0,0,02-10-2013,23,217,77,373,111,23,93,1,3,6,12,1,0,0,69,270,894,0,Partner,1
10785,1969,Graduate,Married,44078.0,1,1,19-06-2014,17,24,1,10,2,0,4,2,2,0,3,5,0,0,45,10,41,2,Partner,2
2814,1976,Postgraduate,Together,30560.0,1,0,27-06-2013,6,9,1,5,4,5,7,1,1,0,3,7,0,0,38,367,31,1,Partner,2
6866,1969,Postgraduate,Together,35924.0,1,1,23-03-2014,56,8,0,14,2,3,7,1,1,0,3,5,0,0,45,98,34,2,Partner,2
1665,1964,Postgraduate,Divorced,64140.0,0,2,23-09-2013,71,1459,0,61,0,15,215,5,2,5,6,5,0,1,50,279,1750,2,Alone,3
6575,1981,Graduate,Together,56386.0,1,1,27-10-2012,51,230,48,214,13,32,75,8,9,1,7,9,0,0,33,610,612,2,Partner,2
3829,1979,Undergraduate,Together,24594.0,1,0,10-12-2013,94,1,3,6,10,0,9,1,1,0,3,5,0,0,35,201,29,1,Partner,2
3091,1981,Undergraduate,Together,75774.0,1,0,02-05-2014,27,340,21,134,258,14,56,1,7,5,8,4,0,0,33,58,823,1,Partner,1
10141,1960,Postgraduate,Divorced,39228.0,0,0,10-05-2013,1,7,1,6,0,3,3,1,0,0,3,4,0,0,54,415,20,0,Alone,0
5177,1974,Postgraduate,Married,58494.0,0,1,12-12-2013,56,298,7,68,4,0,19,2,6,2,6,6,0,0,40,199,396,1,Partner,2
7005,1981,Graduate,Single,58684.0,0,0,16-06-2014,71,479,35,179,28,7,85,1,5,3,12,2,0,0,33,13,813,0,Alone,3
6409,1967,Graduate,Divorced,57136.0,0,0,18-05-2013,18,267,140,599,34,12,127,1,7,5,7,6,0,1,47,407,1179,0,Alone,3
7485,1950,Postgraduate,Widow,56551.0,1,1,07-05-2014,48,67,4,32,17,2,16,3,2,1,4,4,0,0,64,53,138,2,Alone,0
8079,1982,Graduate,Married,22448.0,1,0,26-02-2014,86,3,1,8,23,2,18,3,2,1,3,3,0,0,32,123,55,1,Partner,2
8395,1961,Graduate,Single,82014.0,0,0,20-08-2012,48,980,37,265,35,163,31,1,3,6,12,6,0,1,53,678,1511,0,Alone,3
10352,1963,Graduate,Widow,34213.0,1,1,07-09-2012,2,50,4,28,6,3,26,3,3,1,2,9,0,1,51,660,117,2,Alone,0
4931,1977,Graduate,Together,157146.0,0,0,29-04-2013,13,1,0,1725,2,1,1,0,0,28,0,1,0,0,37,426,1730,0,Partner,1
13,1947,Postgraduate,Widow,25358.0,0,1,22-07-2013,57,19,0,5,0,0,8,2,1,0,3,6,0,0,67,342,32,1,Alone,0
1834,1978,Postgraduate,Single,35544.0,1,0,08-03-2014,77,30,5,23,4,1,4,1,2,0,3,7,0,0,36,113,67,1,Alone,0
2285,1954,Postgraduate,Together,36634.0,0,1,28-05-2013,0,213,9,76,4,3,30,3,5,2,5,7,0,0,60,397,335,1,Partner,2
2295,1954,Postgraduate,Married,62670.0,0,1,02-02-2014,57,539,30,92,80,46,38,1,5,3,13,3,0,0,60,147,825,1,Partner,1
1378,1972,Undergraduate,Together,50334.0,0,1,24-07-2013,24,284,16,160,84,16,134,6,7,4,6,6,0,0,42,340,694,1,Partner,2
2781,1981,Graduate,Single,72066.0,0,0,23-06-2014,55,1003,34,536,134,51,34,1,4,6,6,2,0,1,33,6,1792,0,Alone,3
1165,1958,Postgraduate,Single,50729.0,1,1,02-05-2013,62,239,13,143,45,4,52,9,6,2,7,6,0,0,56,423,496,2,Alone,0
1404,1968,Graduate,Together,34916.0,2,0,15-05-2013,89,51,23,82,33,0,42,4,5,1,3,9,0,0,46,410,231,2,Partner,2
6457,1976,Graduate,Divorced,64892.0,0,1,29-05-2014,77,527,24,230,32,24,65,2,6,4,12,4,0,0,38,31,902,1,Alone,3
2639,1966,Graduate,Single,43602.0,1,1,10-01-2014,45,19,5,12,10,3,19,3,3,1,2,6,0,0,48,170,68,2,Alone,0
8299,1989,Postgraduate,Single,33996.0,0,0,11-09-2013,46,40,2,15,8,0,6,1,1,1,3,4,0,0,25,291,71,0,Alone,0
6437,1985,Undergraduate,Single,41473.0,1,0,19-06-2013,80,21,8,20,15,3,9,1,2,0,3,7,0,0,29,375,76,1,Alone,0
6912,1967,Postgraduate,Married,63246.0,0,2,20-08-2013,60,593,30,91,29,22,7,1,6,3,12,4,0,0,47,313,772,2,Partner,1
7327,1959,Postgraduate,Married,36732.0,1,1,29-12-2013,71,21,5,3,10,1,7,3,1,1,4,2,0,0,55,182,47,2,Partner,2
5299,1970,Postgraduate,Married,69084.0,1,0,19-11-2013,43,1181,107,199,39,30,30,2,7,3,13,8,0,0,44,222,1586,1,Partner,1
4127,1967,Postgraduate,Married,77766.0,0,1,22-02-2013,97,1004,59,265,115,59,27,2,11,10,11,6,0,1,47,492,1529,1,Partner,1
8143,1985,Postgraduate,Single,37929.0,0,0,30-07-2013,49,202,2,46,3,2,10,2,4,2,5,7,0,1,29,334,265,0,Alone,0
1964,1951,Graduate,Together,86610.0,0,0,05-09-2013,66,446,107,768,33,196,53,1,5,6,6,2,0,0,63,297,1603,0,Partner,1
3690,1986,Postgraduate,Married,80141.0,0,0,11-01-2013,20,1184,102,673,52,40,40,1,7,4,10,6,0,1,28,534,2091,0,Partner,1
3433,1955,Undergraduate,Married,72635.0,0,0,03-06-2013,54,390,22,323,104,35,107,1,6,8,6,3,0,0,59,391,981,0,Partner,1
3389,1970,Graduate,Married,69016.0,0,1,22-11-2012,61,726,53,363,123,107,161,4,8,9,13,5,0,0,44,584,1533,1,Partner,1
4712,1991,Undergraduate,Together,20193.0,0,0,28-11-2012,18,8,8,22,24,11,9,1,1,1,4,4,0,0,23,578,82,0,Partner,2
1170,1975,Graduate,Married,27573.0,1,0,25-03-2013,45,50,15,110,39,15,15,4,5,1,4,8,0,0,39,461,244,1,Partner,2
6347,1979,Undergraduate,Single,15862.0,1,0,27-06-2013,26,1,1,4,11,9,10,1,1,0,3,8,0,0,35,367,36,1,Alone,0
4065,1976,Postgraduate,Married,49544.0,1,0,12-02-2013,0,308,0,73,0,0,23,2,5,1,8,7,0,0,38,502,404,1,Partner,2
8230,1980,Graduate,Married,33228.0,1,0,23-01-2014,28,22,2,31,7,4,5,1,2,0,3,7,0,0,34,157,71,1,Partner,2
1215,1978,Graduate,Together,70440.0,0,0,08-10-2013,49,690,117,499,76,102,88,1,5,10,7,3,0,0,36,264,1572,0,Partner,1
5939,1971,Graduate,Together,38232.0,1,1,17-01-2014,84,43,5,28,7,6,33,4,3,1,3,5,0,0,43,163,122,2,Partner,2
2156,1955,Postgraduate,Married,22554.0,1,1,03-11-2012,38,27,0,10,0,0,4,4,2,0,4,5,0,0,59,603,41,2,Partner,2
7788,1983,Postgraduate,Married,23536.0,1,0,04-06-2014,53,6,0,3,0,0,1,1,0,0,3,3,0,0,31,25,10,1,Partner,2
10323,1952,Graduate,Married,49413.0,0,1,25-10-2013,88,205,7,41,3,2,46,2,4,2,5,5,0,0,62,247,304,1,Partner,2
7947,1969,Graduate,Married,42231.0,1,1,25-03-2014,99,24,0,8,0,1,4,1,1,0,3,5,0,0,45,96,37,2,Partner,2
1891,1980,Postgraduate,Divorced,78789.0,0,0,08-08-2012,12,667,50,850,21,83,83,1,4,6,5,2,0,1,34,690,1754,0,Alone,3
2570,1968,Graduate,Together,56534.0,0,1,23-07-2013,35,691,7,61,10,0,46,4,10,4,7,8,0,1,46,341,815,1,Partner,1
9256,1971,Graduate,Single,58350.0,0,1,04-01-2013,5,493,26,206,116,80,80,4,8,3,12,6,0,0,43,541,1001,1,Alone,3
295,1989,Graduate,Single,81217.0,0,0,19-07-2013,77,493,70,324,146,40,84,1,3,7,11,1,0,0,25,345,1157,0,Alone,3
7397,1951,Graduate,Single,49090.0,0,1,19-07-2013,45,494,5,82,7,0,100,3,7,2,9,7,0,0,63,345,688,1,Alone,3
6349,1987,Postgraduate,Divorced,61787.0,0,0,06-07-2013,71,621,73,414,78,48,85,1,8,4,6,5,0,0,27,358,1319,0,Alone,3
10790,1985,Postgraduate,Married,18169.0,1,0,19-02-2013,40,9,0,5,0,0,7,1,1,0,2,8,0,0,29,495,21,1,Partner,2
10398,1981,Undergraduate,Single,24336.0,1,0,27-08-2012,82,1,6,2,8,2,12,1,1,0,2,7,0,0,33,671,31,1,Alone,0
2431,1990,Graduate,Married,18222.0,0,0,31-12-2012,70,12,4,19,12,6,14,1,2,0,3,8,0,0,24,545,67,0,Partner,2
550,1952,Graduate,Divorced,62335.0,0,1,23-05-2013,87,243,131,217,85,6,26,2,3,3,13,2,0,0,62,402,708,1,Alone,3
1890,1971,Undergraduate,Together,42033.0,1,1,19-09-2012,95,11,1,4,2,0,7,1,1,0,2,7,0,0,43,648,25,2,Partner,2
10742,1983,Postgraduate,Married,86580.0,0,0,27-02-2013,72,532,21,127,26,20,20,0,4,2,5,1,0,0,31,487,746,0,Partner,1
10356,1957,Postgraduate,Divorced,41437.0,1,1,22-09-2012,5,29,0,2,0,0,1,1,1,0,3,7,0,0,57,645,32,2,Alone,0
4676,1951,Postgraduate,Widow,73705.0,0,2,05-03-2014,86,612,91,520,258,107,107,2,9,6,8,5,0,0,63,116,1695,2,Alone,3
8852,1976,Graduate,Married,61064.0,0,1,31-08-2012,80,387,126,342,0,45,180,5,8,4,11,6,0,0,38,667,1080,1,Partner,1
3565,1955,Postgraduate,Married,38452.0,1,1,30-03-2014,62,56,0,14,0,0,2,3,3,0,3,7,0,0,59,91,72,2,Partner,2
5294,1989,Graduate,Single,18358.0,1,0,20-11-2013,49,6,8,19,16,4,4,3,3,0,4,7,0,0,25,221,57,1,Alone,0
1958,1973,Postgraduate,Together,55012.0,0,1,21-03-2014,85,582,0,65,0,0,13,6,8,2,9,5,0,0,41,100,660,1,Partner,1
7349,1973,Undergraduate,Together,9722.0,1,0,02-10-2012,7,6,17,16,6,16,42,4,3,1,3,8,0,1,41,635,103,1,Partner,2
8799,1984,Postgraduate,Married,38175.0,1,0,23-09-2013,6,70,6,69,2,3,3,3,3,1,4,7,0,0,30,279,153,1,Partner,2
1351,1956,Postgraduate,Together,58656.0,0,1,20-09-2012,25,962,12,194,16,24,12,4,7,8,13,6,0,0,58,647,1220,1,Partner,1
1045,1965,Graduate,Together,52117.0,0,1,16-08-2012,55,112,10,107,30,0,20,2,5,2,4,7,0,0,49,682,279,1,Partner,2
7732,1978,Graduate,Married,64813.0,1,0,02-01-2014,81,293,0,124,179,97,52,1,7,2,10,5,0,0,36,178,745,1,Partner,1
8070,1973,Postgraduate,Married,54222.0,0,1,01-03-2014,98,199,12,31,3,12,7,1,3,3,5,3,0,0,41,120,264,1,Partner,2
477,1986,Graduate,Married,83512.0,0,0,17-06-2014,31,1060,61,835,80,20,101,1,4,7,10,1,0,1,28,12,2157,0,Partner,1
7832,1959,Postgraduate,Married,77520.0,0,1,28-08-2013,30,940,44,396,0,88,58,1,8,7,7,4,0,1,55,305,1526,1,Partner,1
2202,1978,Graduate,Together,41154.0,0,1,09-04-2013,98,44,2,11,2,3,7,1,1,0,4,5,0,0,36,446,69,1,Partner,2
7396,1966,Graduate,Married,80398.0,0,0,10-11-2012,92,342,51,936,207,35,26,1,5,8,12,3,0,0,48,596,1597,0,Partner,1
4055,1992,Undergraduate,Single,18746.0,1,0,29-05-2014,41,2,10,11,12,9,20,2,3,0,3,6,0,0,22,31,64,1,Alone,0
10340,1984,Graduate,Together,35196.0,1,0,13-11-2012,68,75,12,141,43,39,187,6,6,1,5,8,0,0,30,593,497,1,Partner,2
10091,1956,Graduate,Single,60230.0,0,1,20-05-2013,78,520,20,367,39,81,40,2,6,3,6,5,0,0,58,405,1067,1,Alone,3
7629,1977,Graduate,Married,22108.0,1,1,08-05-2014,46,5,3,9,6,2,6,2,2,0,3,7,0,0,37,52,31,2,Partner,2
10640,1974,Graduate,Together,44392.0,1,1,05-09-2013,71,87,5,71,7,12,29,5,4,1,4,7,0,0,40,297,211,2,Partner,2
3498,1976,Postgraduate,Married,55424.0,0,1,25-11-2012,6,462,61,184,10,53,107,4,7,5,9,6,0,1,38,581,877,1,Partner,1
6742,1979,Graduate,Married,17688.0,1,0,13-01-2013,82,2,2,1,3,1,2,1,1,0,2,8,1,0,35,532,11,1,Partner,2
1172,1983,Postgraduate,Married,92491.0,0,0,01-05-2013,71,979,44,935,29,25,22,1,7,5,12,3,0,1,31,424,2034,0,Partner,1
569,1991,Graduate,Single,90273.0,0,0,14-12-2013,32,704,129,853,120,74,111,1,5,6,7,2,0,1,23,197,1991,0,Alone,3
4686,1962,Postgraduate,Widow,82571.0,0,0,02-04-2014,28,861,31,558,62,95,79,0,6,5,13,2,0,0,52,88,1686,0,Alone,3
1381,1982,Postgraduate,Single,38513.0,1,0,28-01-2014,20,172,3,115,16,0,18,5,6,1,5,8,0,1,32,152,324,1,Alone,0
2634,1979,Postgraduate,Single,16653.0,1,0,18-04-2014,10,5,7,31,15,4,7,3,2,1,3,6,0,1,35,72,69,1,Alone,0
10905,1955,Graduate,Together,42586.0,1,1,29-10-2012,7,194,2,56,0,0,0,5,4,1,6,8,0,1,59,608,252,2,Partner,2
1744,1965,Undergraduate,Single,23529.0,0,1,07-01-2013,67,9,7,13,3,2,20,1,1,1,2,6,0,0,49,538,54,1,Alone,0
1000,1961,Postgraduate,Together,74881.0,1,1,08-03-2013,48,505,72,270,36,27,54,4,9,2,12,5,0,0,53,478,964,2,Partner,1
3828,1951,Graduate,Married,71107.0,0,1,17-02-2013,61,533,10,217,198,174,195,2,7,6,13,4,0,0,63,497,1327,1,Partner,1
8605,1964,Postgraduate,Together,46910.0,1,1,23-03-2014,36,48,0,14,0,0,6,2,2,0,3,6,0,0,50,98,68,2,Partner,2
10304,1959,Graduate,Married,18690.0,0,0,28-12-2012,77,6,1,7,23,4,19,1,1,1,2,8,0,0,55,548,60,0,Partner,2
4351,1955,Graduate,Divorced,37244.0,1,1,27-04-2013,90,18,2,10,0,0,25,1,1,1,2,7,0,0,59,428,55,2,Alone,0
10129,1966,Graduate,Together,82427.0,0,0,12-03-2014,35,482,147,509,104,107,107,1,3,5,12,1,0,0,48,109,1456,0,Partner,1
2499,1958,Undergraduate,Single,75342.0,0,1,06-05-2013,38,204,97,97,21,118,26,1,5,2,10,4,0,0,56,419,563,1,Alone,3
10092,1954,Graduate,Divorced,70044.0,0,1,18-02-2013,46,1073,0,250,153,14,14,4,7,10,5,5,0,0,60,496,1504,1,Alone,3
7500,1967,Graduate,Single,79146.0,1,1,24-04-2014,33,245,16,223,21,43,16,2,8,1,8,6,0,0,47,66,564,2,Alone,3
5796,1963,Graduate,Married,77437.0,0,0,26-11-2013,70,560,21,442,29,44,29,1,4,5,13,1,0,0,51,215,1125,0,Partner,1
10556,1959,Graduate,Married,54984.0,0,1,24-05-2014,51,173,13,131,32,3,6,4,6,1,6,7,0,0,55,36,358,1,Partner,2
1064,1971,Postgraduate,Married,42403.0,1,0,11-12-2013,18,22,1,11,0,5,3,1,1,0,3,8,0,0,43,200,42,1,Partner,2
48,1964,Graduate,Together,55761.0,0,1,24-04-2014,97,136,1,12,0,3,32,2,4,1,3,6,0,0,50,66,184,1,Partner,2
7610,1983,Graduate,Together,37292.0,1,0,18-04-2013,32,275,0,86,10,23,66,5,6,3,5,8,0,0,31,437,460,1,Partner,2
263,1945,Postgraduate,Single,45576.0,0,0,28-05-2014,9,56,19,29,2,14,25,1,3,1,3,8,0,1,69,32,145,0,Alone,0
10814,1947,Graduate,Together,70321.0,0,0,16-01-2013,6,303,23,751,82,26,191,1,6,5,13,4,0,1,67,529,1376,0,Partner,1
9710,1969,Postgraduate,Divorced,58086.0,0,1,20-01-2013,80,708,7,62,0,0,15,2,11,3,7,8,0,0,45,525,792,1,Alone,3
9292,1952,Graduate,Married,81795.0,0,0,26-10-2012,74,324,132,693,27,118,88,1,4,11,7,2,0,0,62,611,1382,0,Partner,1
10250,1947,Undergraduate,Together,28389.0,0,0,20-11-2012,49,1,5,3,7,4,8,1,1,0,2,7,0,0,67,586,28,0,Partner,2
7881,1946,Postgraduate,Married,66835.0,0,0,28-09-2013,21,620,26,195,34,17,141,1,6,4,13,2,0,0,68,274,1033,0,Partner,1
5847,1969,Graduate,Divorced,69901.0,0,1,29-05-2013,95,312,21,206,102,92,149,3,7,3,10,5,0,0,45,396,882,1,Alone,3
737,1949,Postgraduate,Married,80360.0,0,0,03-03-2013,56,1493,86,454,112,43,43,2,4,4,5,2,0,0,65,483,2231,0,Partner,1
3571,1961,Postgraduate,Together,63342.0,0,1,16-10-2012,48,918,21,118,13,10,21,3,8,3,5,6,0,1,53,621,1101,1,Partner,1
7807,1974,Graduate,Married,44989.0,0,1,12-09-2012,26,98,0,106,49,10,106,5,5,1,5,6,0,0,40,655,369,1,Partner,2
3878,1980,Undergraduate,Single,31859.0,1,0,27-02-2014,3,3,4,7,15,8,11,1,1,0,3,7,0,0,34,122,48,1,Alone,0
5092,1949,Postgraduate,Widow,51569.0,0,1,12-02-2013,39,380,0,47,6,0,34,4,7,1,7,8,0,1,65,502,467,1,Alone,0
2154,1971,Graduate,Widow,30372.0,1,1,25-12-2012,33,15,0,12,7,3,7,3,2,0,3,7,0,0,43,551,44,2,Alone,0
5394,1979,Undergraduate,Single,16014.0,1,1,17-03-2013,42,3,9,4,7,8,7,4,1,1,4,3,0,0,35,469,38,2,Alone,0
3798,1968,Graduate,Married,41120.0,1,1,06-11-2013,80,24,2,23,0,8,24,3,2,1,3,6,0,0,46,235,81,2,Partner,2
3524,1971,Postgraduate,Single,39763.0,1,0,04-08-2013,9,80,1,60,4,6,16,2,5,1,2,9,0,1,43,329,167,1,Alone,0
5247,1955,Postgraduate,Married,38725.0,1,1,10-05-2014,52,31,0,6,2,1,5,2,1,0,4,4,0,0,59,50,45,2,Partner,2
5883,1972,Graduate,Married,77981.0,1,0,26-05-2013,78,138,120,204,16,126,60,3,7,4,7,5,0,0,42,399,664,1,Partner,1
2118,1964,Undergraduate,Married,62905.0,0,1,10-09-2013,68,166,75,96,119,107,59,3,7,2,8,4,0,0,50,292,622,1,Partner,1
8812,1979,Undergraduate,Divorced,13533.0,1,0,10-03-2013,45,12,3,8,8,0,17,2,2,0,3,7,0,0,35,476,48,1,Alone,0
6616,1975,Graduate,Together,59481.0,0,1,23-10-2013,47,178,3,85,71,66,58,2,3,3,8,2,0,0,39,249,461,1,Partner,1
2797,1977,Graduate,Married,72117.0,0,1,20-08-2013,34,707,20,171,65,60,50,1,9,7,9,5,0,0,37,313,1073,1,Partner,1
4328,1986,Undergraduate,Married,21955.0,1,0,07-09-2013,81,5,1,7,17,14,11,2,2,1,3,6,0,0,28,295,55,1,Partner,2
9167,1956,Graduate,Married,67131.0,0,1,26-03-2013,72,465,71,250,93,35,62,3,9,2,12,6,0,0,58,460,976,1,Partner,1
10560,1980,Postgraduate,Single,36802.0,1,0,16-06-2014,23,16,1,2,0,0,1,1,1,0,3,5,0,0,34,13,20,1,Alone,0
2631,1982,Graduate,Together,71853.0,0,0,08-05-2013,29,358,108,413,141,97,32,1,2,8,6,1,0,0,32,417,1149,0,Partner,1
8312,1961,Undergraduate,Married,28249.0,0,0,15-06-2014,80,1,9,7,2,14,10,1,2,0,3,6,0,0,53,14,43,0,Partner,2
5534,1975,Postgraduate,Married,47808.0,0,1,20-10-2013,30,123,1,26,2,0,72,2,3,2,3,7,0,0,39,252,224,1,Partner,2
5093,1974,Postgraduate,Divorced,25509.0,1,0,18-09-2012,15,40,3,30,10,7,11,3,3,0,3,9,0,1,40,649,101,1,Alone,0
7592,1946,Postgraduate,Married,51012.0,0,0,18-04-2013,86,102,9,63,2,9,24,1,4,1,4,6,0,0,68,437,209,0,Partner,2
8895,1985,Graduate,Single,70596.0,0,0,05-10-2012,68,347,44,534,17,0,26,1,3,5,12,2,0,0,29,632,968,0,Alone,3
8584,1952,Postgraduate,Together,85431.0,0,0,08-06-2013,54,376,53,462,168,53,53,1,2,7,7,0,0,0,62,386,1165,0,Partner,1
2694,1967,Graduate,Married,42664.0,0,1,18-03-2014,44,21,0,3,0,0,0,1,1,0,3,6,0,0,47,103,24,1,Partner,2
8910,1955,Graduate,Together,42586.0,1,1,29-10-2012,7,194,2,56,0,0,0,5,4,1,6,8,0,1,59,608,252,2,Partner,2
7433,1985,Graduate,Single,29760.0,1,0,29-08-2012,87,64,4,68,7,5,17,4,3,1,4,8,0,0,29,669,165,1,Alone,0
164,1977,Postgraduate,Married,28973.0,0,0,13-10-2012,59,206,0,46,3,2,12,2,5,1,5,8,0,0,37,624,269,0,Partner,2
10477,1973,Postgraduate,Together,39435.0,1,0,06-08-2013,16,71,0,18,0,0,13,1,3,1,2,7,0,0,41,327,102,1,Partner,2
2681,1984,Undergraduate,Married,65370.0,0,0,01-08-2013,1,71,22,112,138,89,29,1,2,3,13,1,0,0,30,332,461,0,Partner,1
5150,1979,Undergraduate,Single,20194.0,1,0,17-12-2012,64,0,4,7,11,10,15,2,2,0,3,6,0,0,35,559,47,1,Alone,0
5283,1976,Postgraduate,Single,42473.0,1,1,17-02-2014,72,93,1,21,0,4,25,3,2,1,4,5,0,0,38,132,144,2,Alone,0
9645,1968,Graduate,Married,64590.0,0,0,14-10-2012,98,920,138,168,36,46,30,1,9,4,10,6,0,0,46,623,1338,0,Partner,1
10678,1959,Graduate,Together,71232.0,0,1,28-11-2013,91,653,17,170,34,26,17,2,11,2,10,7,0,0,55,213,917,1,Partner,1
7261,1971,Graduate,Together,34600.0,1,1,01-01-2013,8,199,33,60,8,3,15,5,5,2,5,8,0,1,43,544,318,2,Partner,2
9648,1967,Graduate,Single,46904.0,1,1,03-11-2012,20,153,4,56,0,9,31,4,5,1,4,8,0,0,47,603,253,2,Alone,0
2870,1973,Graduate,Married,49094.0,0,1,21-09-2012,6,376,0,38,11,8,69,5,6,3,6,6,0,0,41,646,502,1,Partner,2
8008,1983,Graduate,Together,36075.0,1,0,09-12-2013,54,46,0,30,12,1,30,1,2,0,4,6,0,0,31,202,119,1,Partner,2
1513,1979,Undergraduate,Together,60839.0,1,1,28-08-2012,72,600,21,128,223,150,128,13,2,2,12,8,0,0,35,670,1250,2,Partner,2
6173,1979,Graduate,Together,77298.0,0,1,02-11-2013,46,425,115,292,23,35,79,1,6,6,11,3,0,0,35,239,969,1,Partner,1
1419,1950,Graduate,Together,34026.0,1,1,05-08-2013,11,18,6,15,12,8,17,3,2,1,3,5,0,0,64,328,76,2,Partner,2
9150,1963,Postgraduate,Single,48918.0,1,1,12-04-2014,21,52,0,9,0,0,1,2,1,0,4,4,0,0,51,78,62,2,Alone,0
7960,1962,Undergraduate,Together,82122.0,0,0,15-08-2013,89,734,22,350,151,25,100,1,3,9,13,1,0,0,52,318,1382,0,Partner,1
1250,1976,Graduate,Single,37697.0,1,0,07-02-2014,82,34,6,21,11,4,8,1,2,1,3,6,0,0,38,142,84,1,Alone,0
9905,1952,Graduate,Together,34074.0,1,1,13-07-2013,69,135,1,41,10,1,67,5,3,3,3,6,0,0,62,351,255,2,Partner,2
10691,1960,Postgraduate,Married,28520.0,1,1,14-06-2013,55,11,0,10,0,2,20,1,1,1,2,6,0,0,54,380,43,2,Partner,2
7002,1955,Graduate,Single,62535.0,0,1,03-10-2013,13,163,48,90,0,45,52,1,3,2,8,3,0,0,59,269,398,1,Alone,3
2952,1977,Postgraduate,Single,36273.0,1,0,16-04-2014,80,29,3,30,3,2,9,2,3,0,3,6,0,0,37,74,76,1,Alone,0
8439,1964,Graduate,Together,63404.0,0,2,06-06-2014,97,734,26,70,11,44,17,2,6,3,4,4,0,0,50,23,902,2,Partner,1
762,1981,Undergraduate,Together,75774.0,1,0,02-05-2014,27,340,21,134,258,14,56,1,7,5,8,4,0,0,33,58,823,1,Partner,1
2831,1976,Graduate,Together,78416.0,0,1,27-06-2014,99,453,38,279,188,38,183,2,7,7,10,3,0,0,38,2,1179,1,Partner,1
6977,1974,Graduate,Together,75702.0,0,1,14-10-2012,87,1073,0,629,145,37,37,1,10,5,13,6,0,0,40,623,1921,1,Partner,1
6289,1951,Postgraduate,Together,59385.0,1,1,28-04-2013,85,135,0,10,0,4,36,2,3,1,4,5,0,0,63,427,185,2,Partner,2
4168,1966,Graduate,Single,37070.0,1,1,20-03-2013,30,231,7,137,4,15,39,9,5,1,8,7,0,1,48,466,433,2,Alone,0
8397,1951,Graduate,Married,44689.0,1,1,10-01-2014,82,18,0,5,0,0,11,2,1,1,2,7,0,0,63,170,34,2,Partner,2
9284,1958,Graduate,Together,53977.0,0,1,08-06-2013,21,620,16,165,0,24,82,5,5,5,12,5,0,0,56,386,907,1,Partner,1
6237,1966,Postgraduate,Single,7144.0,0,2,07-12-2013,92,81,4,33,5,2,291,0,23,1,1,0,0,0,48,204,416,2,Alone,3
3130,1964,Graduate,Single,18701.0,1,1,04-06-2013,95,12,4,2,10,6,10,4,2,0,4,5,0,0,50,390,44,2,Alone,0
1619,1956,Graduate,Married,90369.0,0,0,28-04-2014,2,292,51,981,224,23,17,1,4,6,6,1,0,1,58,62,1588,0,Partner,1
1990,1974,Postgraduate,Single,63159.0,0,0,05-11-2012,74,965,34,586,89,86,37,1,3,5,8,3,0,0,40,601,1797,0,Alone,3
5513,1966,Graduate,Together,37758.0,1,1,04-10-2012,49,27,2,10,0,0,1,2,1,0,3,8,0,0,48,633,40,2,Partner,2
269,1963,Postgraduate,Single,46757.0,0,1,16-11-2012,71,777,30,163,0,51,122,6,4,4,7,9,0,0,51,590,1143,1,Alone,0
8093,1969,Postgraduate,Married,79734.0,0,0,28-06-2014,72,572,8,232,23,62,17,1,4,3,6,1,0,0,45,1,914,0,Partner,1
10513,1992,Graduate,Together,63207.0,0,0,20-01-2013,68,438,169,565,91,169,70,1,2,3,6,7,0,0,22,525,1502,0,Partner,1
10177,1954,Graduate,Divorced,72071.0,0,1,14-02-2013,4,531,69,300,150,138,150,3,5,4,8,2,0,0,60,500,1338,1,Alone,3
2549,1983,Postgraduate,Together,21840.0,1,0,21-07-2013,80,17,0,9,0,0,1,1,1,0,3,9,0,0,31,343,27,1,Partner,2
5782,1982,Undergraduate,Together,58582.0,0,1,28-09-2013,15,402,35,106,101,77,42,2,9,2,9,5,0,0,32,274,763,1,Partner,1
10057,1951,Graduate,Single,72282.0,0,0,19-07-2013,70,503,27,419,90,139,153,1,5,7,9,7,0,1,63,345,1331,0,Alone,3
10307,1956,Graduate,Married,50387.0,0,2,31-08-2013,91,369,9,87,12,14,34,3,6,2,8,5,0,0,58,302,525,2,Partner,2
8566,1961,Postgraduate,Together,32583.0,1,1,15-06-2014,10,5,0,3,0,0,1,1,1,0,2,7,0,0,53,14,9,2,Partner,2
2415,1962,Graduate,Together,62568.0,0,1,07-04-2014,99,362,17,398,80,35,61,3,5,3,5,4,0,0,52,83,953,1,Partner,1
5684,1971,Postgraduate,Divorced,44635.0,1,1,11-10-2013,25,56,0,9,0,0,3,2,2,0,3,7,0,0,43,261,68,2,Alone,0
8334,1971,Postgraduate,Single,33316.0,1,1,04-10-2013,34,79,1,31,4,4,12,3,2,1,4,6,0,0,43,268,131,2,Alone,0
9166,1968,Graduate,Married,63967.0,0,1,09-08-2013,57,387,84,141,73,35,162,3,4,4,12,2,0,0,46,324,882,1,Partner,1
1440,1978,Undergraduate,Together,52513.0,0,0,04-09-2012,84,367,17,241,104,188,232,2,9,5,9,7,0,0,36,663,1149,0,Partner,1
78,1969,Graduate,Married,25293.0,1,0,15-09-2013,51,15,0,11,0,2,9,1,1,1,2,8,0,0,45,287,37,1,Partner,2
5441,1965,Postgraduate,Widow,54111.0,0,1,25-08-2013,97,267,6,54,8,3,50,2,5,2,6,5,0,0,49,308,388,1,Alone,0
5302,1986,Graduate,Together,78394.0,0,0,15-02-2013,13,298,27,697,216,24,166,1,4,6,5,2,0,1,28,499,1428,0,Partner,1
4687,1958,Postgraduate,Married,80739.0,0,0,23-05-2013,92,674,92,736,39,0,92,1,3,11,9,1,0,0,56,402,1633,0,Partner,1
1087,1975,Postgraduate,Together,22669.0,1,0,22-05-2013,30,16,14,36,37,22,48,3,4,1,2,9,0,1,39,403,173,1,Partner,2
6859,1987,Graduate,Single,29236.0,1,0,08-10-2013,30,37,4,24,16,9,9,2,4,0,3,9,0,0,27,264,99,1,Alone,0
9860,1959,Graduate,Together,44911.0,0,1,15-03-2013,11,159,0,22,2,1,31,3,4,1,4,7,0,0,55,471,215,1,Partner,2
7129,1962,Postgraduate,Married,54693.0,0,1,17-02-2013,72,686,17,142,23,26,35,8,6,4,13,6,0,0,52,497,929,1,Partner,1
5866,1974,Graduate,Together,48186.0,1,0,20-03-2014,39,97,3,66,12,7,34,3,4,1,4,7,0,0,40,101,219,1,Partner,2
10521,1977,Graduate,Married,54809.0,1,1,11-09-2013,0,63,6,57,13,13,22,4,2,1,5,4,0,1,37,291,174,2,Partner,2
7393,1978,Graduate,Together,41580.0,1,1,10-12-2012,15,56,5,24,4,0,3,3,2,1,3,5,0,0,36,566,92,2,Partner,2
7849,1970,Postgraduate,Married,80336.0,0,0,09-09-2013,12,209,19,456,160,142,66,1,2,9,13,1,0,0,44,293,1052,0,Partner,1
332,1957,Graduate,Married,47743.0,0,1,22-03-2013,56,198,2,43,0,12,20,3,4,1,6,6,0,0,57,464,275,1,Partner,2
9847,1955,Undergraduate,Married,62972.0,0,1,03-08-2012,39,313,15,47,20,0,192,2,7,4,3,6,0,0,59,695,587,1,Partner,2
531,1954,Postgraduate,Divorced,57333.0,0,1,22-09-2012,55,941,14,397,76,58,176,11,8,5,9,6,0,1,60,645,1662,1,Alone,3
9576,1982,Postgraduate,Together,32313.0,1,0,11-02-2013,60,86,4,56,2,4,7,3,4,0,4,9,0,0,32,503,159,1,Partner,2
6906,1953,Postgraduate,Widow,84953.0,0,0,03-06-2013,73,167,48,602,63,72,72,1,3,10,4,2,0,1,61,391,1024,0,Alone,3
7419,1968,Postgraduate,Divorced,27071.0,1,0,23-04-2014,90,8,3,19,0,2,3,2,2,0,3,6,0,0,46,67,35,1,Alone,0
3170,1957,Postgraduate,Together,68148.0,0,0,31-08-2013,86,389,66,408,37,57,85,1,4,4,6,2,0,0,57,302,1042,0,Partner,1
8527,1965,Postgraduate,Together,65735.0,1,1,07-12-2013,37,239,7,119,4,15,11,5,6,2,6,7,0,0,49,204,395,2,Partner,2
7872,1975,Postgraduate,Married,86836.0,0,0,12-09-2012,7,179,21,273,0,21,63,1,6,10,6,5,0,1,39,655,557,0,Partner,1
9931,1963,Postgraduate,Married,4023.0,1,1,23-06-2014,29,5,0,1,1,1,1,15,0,0,0,19,0,0,51,6,9,2,Partner,2
10595,1990,Graduate,Married,30093.0,0,0,08-07-2013,19,2,6,28,13,4,16,1,2,0,3,7,0,0,24,356,69,0,Partner,2
4609,1966,Postgraduate,Married,57705.0,0,1,11-01-2014,14,383,0,53,6,4,40,3,8,1,6,6,0,0,48,169,486,1,Partner,2
5010,1988,Graduate,Single,25008.0,1,0,02-02-2014,72,2,8,8,6,1,9,2,1,0,3,8,0,0,26,147,34,1,Alone,0
4427,1995,Undergraduate,Single,83257.0,0,0,18-09-2012,56,536,27,590,38,107,67,1,5,10,12,6,1,1,19,649,1365,0,Alone,3
11148,1975,Graduate,Together,22280.0,1,0,19-05-2013,85,2,1,4,3,1,2,1,1,0,2,8,0,0,39,406,13,1,Partner,2
1168,1978,Postgraduate,Married,72159.0,0,0,29-10-2012,62,322,53,899,34,40,53,1,4,6,10,2,0,0,36,608,1401,0,Partner,1
9595,1961,Graduate,Together,64260.0,0,0,11-01-2013,1,539,169,816,20,0,30,1,4,5,4,3,0,1,53,534,1574,0,Partner,1
10163,1984,Postgraduate,Single,82733.0,0,0,10-09-2013,28,712,50,420,65,38,38,1,8,4,7,4,0,1,30,292,1323,0,Alone,3
2886,1971,Postgraduate,Divorced,74290.0,0,1,12-08-2013,70,1121,0,72,0,12,12,4,10,8,10,6,0,0,43,321,1217,1,Alone,3
6710,1951,Postgraduate,Single,58217.0,2,1,17-11-2012,84,68,1,13,3,5,13,1,2,0,4,6,0,0,63,589,103,3,Alone,0
5316,1976,Postgraduate,Together,21024.0,0,0,04-07-2013,89,36,4,18,6,2,18,1,2,0,4,7,0,0,38,360,84,0,Partner,2
9029,1972,Postgraduate,Married,70116.0,0,0,26-01-2013,73,707,44,603,95,58,29,1,2,8,12,1,0,0,42,519,1536,0,Partner,1
521,1985,Graduate,Together,54006.0,1,0,18-09-2012,42,174,77,203,6,24,97,2,8,1,7,7,0,0,29,649,581,1,Partner,2
1459,1966,Postgraduate,Married,69063.0,0,1,07-11-2012,16,666,35,124,69,8,26,1,5,3,5,3,0,0,48,599,928,1,Partner,1
10241,1975,Undergraduate,Divorced,11448.0,0,0,15-12-2013,16,0,0,0,6,2,6,1,1,0,2,6,0,0,39,196,14,0,Alone,0
1630,1979,Graduate,Single,61825.0,0,1,07-08-2013,56,162,50,100,55,30,27,1,4,2,8,4,0,0,35,326,424,1,Alone,3
3254,1971,Graduate,Married,70886.0,1,0,14-10-2013,65,407,70,239,103,88,53,1,5,4,4,2,0,0,43,258,960,1,Partner,1
9064,1982,Graduate,Married,69109.0,0,0,09-11-2012,10,823,25,459,124,29,95,1,6,6,7,4,0,1,32,597,1555,0,Partner,1
3678,1973,Graduate,Widow,60208.0,1,1,07-10-2012,13,488,23,71,15,0,59,11,8,3,7,7,0,1,41,630,656,2,Alone,0
4227,1968,Postgraduate,Together,32889.0,1,1,06-09-2013,78,28,0,13,4,2,8,3,2,1,3,5,0,0,46,296,55,2,Partner,2
9467,1984,Graduate,Single,34738.0,1,0,11-05-2014,51,3,2,10,3,0,2,1,1,0,3,6,0,0,30,49,20,1,Alone,0
8486,1971,Postgraduate,Together,30538.0,1,0,01-10-2012,27,284,0,52,8,3,20,4,9,0,4,10,0,0,43,636,367,1,Partner,2
2186,1977,Undergraduate,Together,82326.0,0,0,10-03-2014,30,938,142,754,159,81,183,1,5,10,6,2,0,1,37,111,2257,0,Partner,1
3286,1967,Postgraduate,Divorced,26642.0,1,0,01-03-2014,71,13,2,15,2,2,8,2,2,0,3,6,0,0,47,120,42,1,Alone,0
8602,1964,Graduate,Divorced,69932.0,0,1,12-06-2013,97,412,172,153,150,105,57,2,7,6,11,4,0,0,50,382,1049,1,Alone,3
3722,1972,Graduate,Single,44503.0,1,1,16-04-2014,83,31,1,8,0,0,8,2,2,0,3,6,0,0,42,74,48,2,Alone,0
6715,1948,Postgraduate,Single,60200.0,0,1,02-01-2013,3,502,19,132,0,6,26,6,6,2,11,6,0,0,66,543,685,1,Alone,3
4796,1952,Graduate,Divorced,49638.0,0,1,19-04-2014,71,18,10,3,3,5,0,1,1,0,3,2,0,0,62,71,39,1,Alone,0
9612,1987,Undergraduate,Single,23830.0,0,0,07-02-2014,3,1,8,6,4,8,16,1,1,0,3,7,0,0,27,142,43,0,Alone,0
3766,1959,Postgraduate,Widow,33051.0,0,0,16-08-2012,15,100,71,243,108,94,219,3,9,1,8,9,0,1,55,682,835,0,Alone,0
1399,1958,Graduate,Married,72905.0,0,0,21-01-2014,52,407,114,445,181,165,203,1,3,7,9,1,0,0,56,159,1515,0,Partner,1
1570,1951,Postgraduate,Together,69702.0,0,1,19-02-2013,8,664,9,240,50,19,57,2,7,7,10,4,0,0,63,495,1039,1,Partner,1
3426,1975,Graduate,Divorced,70300.0,1,0,15-07-2013,89,1045,61,338,60,46,46,3,5,5,13,8,0,0,39,349,1596,1,Alone,3
3074,1984,Postgraduate,Married,70643.0,0,0,15-10-2012,66,1218,107,304,23,143,33,1,5,8,4,6,0,1,30,622,1828,0,Partner,1
8341,1969,Postgraduate,Married,30396.0,1,0,30-04-2014,22,15,0,6,0,1,12,2,1,1,2,7,0,1,45,60,34,1,Partner,2
5180,1968,Postgraduate,Divorced,50616.0,0,1,18-04-2014,56,128,0,16,0,1,4,2,4,0,4,7,0,0,46,72,149,1,Alone,0
6461,1969,Postgraduate,Single,62772.0,0,1,19-05-2013,74,581,49,157,43,8,108,1,5,6,11,2,0,0,45,406,946,1,Alone,3
7679,1985,Postgraduate,Single,30298.0,0,0,19-05-2014,48,6,3,12,6,1,0,1,1,1,3,3,0,0,29,41,28,0,Alone,0
10702,1984,Graduate,Single,52413.0,1,0,03-11-2012,67,185,8,133,56,56,12,2,7,1,7,7,0,0,30,603,450,1,Alone,0
7505,1957,Postgraduate,Married,44155.0,1,1,19-01-2014,24,22,1,9,0,0,14,1,1,1,2,4,0,0,57,161,46,2,Partner,2
5113,1971,Postgraduate,Divorced,86979.0,0,0,07-11-2013,67,584,100,835,65,83,35,1,5,5,5,2,0,1,43,234,1702,0,Alone,3
10858,1975,Graduate,Together,76532.0,1,1,09-09-2013,38,355,30,177,90,138,30,4,9,5,7,5,0,0,39,293,820,2,Partner,1
2961,1982,Graduate,Married,42081.0,1,0,26-02-2013,86,175,10,110,54,6,27,2,6,3,4,6,0,0,32,488,382,1,Partner,2
2747,1988,Postgraduate,Married,67546.0,0,0,31-08-2012,90,864,134,768,150,38,172,1,4,10,5,3,0,0,26,667,2126,0,Partner,1
3010,1989,Postgraduate,Together,88420.0,0,0,02-05-2014,87,957,153,612,99,95,153,1,4,7,8,1,0,0,25,58,2069,0,Partner,1
5790,1985,Graduate,Married,31158.0,1,0,27-01-2013,62,25,6,16,20,0,5,2,2,0,3,8,0,0,29,518,72,1,Partner,2
6892,1968,Graduate,Divorced,61671.0,0,1,03-06-2014,23,641,7,56,0,0,28,8,10,4,6,8,0,0,46,26,732,1,Alone,3
1743,1974,Graduate,Single,69719.0,0,0,26-05-2014,99,273,86,208,177,14,43,1,2,3,5,1,0,0,40,34,801,0,Alone,3
3578,1949,Graduate,Divorced,49160.0,0,1,20-10-2013,29,122,21,43,25,10,15,2,3,1,6,6,0,0,65,252,236,1,Alone,0
8462,1978,Undergraduate,Together,24882.0,1,0,09-09-2012,52,1,4,10,29,0,36,1,1,1,2,6,0,0,36,658,80,1,Partner,2
5558,1954,Postgraduate,Single,90933.0,0,0,31-03-2014,90,1020,31,430,62,63,79,1,4,6,4,1,0,0,60,90,1685,0,Alone,3
4619,1945,Postgraduate,Single,113734.0,0,0,28-05-2014,9,6,2,3,1,262,3,0,27,0,0,1,0,0,69,32,277,0,Alone,3
8780,1950,Postgraduate,Together,59292.0,0,1,13-06-2013,71,378,14,68,19,14,14,2,3,5,8,3,0,0,64,381,507,1,Partner,1
10789,1964,Postgraduate,Married,45759.0,1,1,23-02-2013,13,42,1,18,3,0,4,2,2,0,3,7,0,0,50,491,68,2,Partner,2
10779,1983,Graduate,Single,22148.0,0,0,13-04-2014,16,15,5,14,0,4,11,1,1,0,3,7,0,0,31,77,49,0,Alone,0
5896,1987,Postgraduate,Married,73395.0,0,0,18-03-2014,94,272,7,80,20,7,11,1,4,4,6,2,0,0,27,103,397,0,Partner,1
2337,1971,Graduate,Divorced,29819.0,1,0,24-10-2013,77,9,1,24,2,1,2,3,3,0,3,6,0,0,43,248,39,1,Alone,0
10951,1968,Graduate,Married,45688.0,0,1,25-01-2014,20,279,0,18,0,0,9,2,3,1,8,4,0,0,46,155,306,1,Partner,2
544,1954,Graduate,Married,62820.0,0,0,11-05-2013,51,398,61,265,138,61,53,1,3,4,6,1,0,0,60,414,976,0,Partner,1
17,1971,Postgraduate,Married,60491.0,0,1,06-09-2013,81,637,47,237,12,19,76,4,6,11,7,5,0,0,43,296,1028,1,Partner,1
10680,1986,Graduate,Together,33235.0,1,0,05-02-2014,71,45,0,16,2,1,6,1,3,0,3,7,0,0,28,144,70,1,Partner,2
3265,1959,Graduate,Married,35701.0,0,0,19-03-2013,36,21,1,9,7,3,5,1,1,0,3,6,0,0,55,467,46,0,Partner,2
5623,1980,Postgraduate,Married,31535.0,1,0,26-09-2013,95,15,4,13,0,0,19,1,1,1,2,7,0,0,34,276,51,1,Partner,2
5832,1960,Undergraduate,Together,92556.0,0,0,20-04-2014,32,493,183,352,184,23,28,0,3,5,13,0,0,0,54,70,1263,0,Partner,1
5544,1970,Graduate,Single,67384.0,0,1,10-11-2012,32,957,40,175,158,53,107,2,7,8,5,5,0,0,44,596,1490,1,Alone,3
6417,1971,Postgraduate,Together,80573.0,0,0,14-10-2012,85,829,138,430,60,92,15,1,4,6,13,2,0,0,43,623,1564,0,Partner,1
5831,1967,Graduate,Married,77870.0,0,1,22-08-2012,93,1017,50,500,65,50,133,3,5,5,5,8,0,1,47,676,1815,1,Partner,1
7101,1963,Postgraduate,Widow,52278.0,0,1,25-01-2013,24,953,0,71,0,0,174,6,10,5,10,8,0,0,51,520,1198,1,Alone,3
10176,1968,Graduate,Single,57107.0,0,1,24-08-2012,44,159,0,120,0,0,137,7,4,4,8,8,0,1,46,674,416,1,Alone,0
2326,1990,Graduate,Married,18929.0,0,0,16-02-2013,15,32,0,8,23,4,18,1,1,0,4,6,0,0,24,498,85,0,Partner,2
4385,1981,Postgraduate,Single,36038.0,1,0,31-05-2013,82,23,0,15,0,2,7,2,3,0,3,6,0,0,33,394,47,1,Alone,0
2929,1976,Graduate,Single,20180.0,0,0,20-02-2013,27,18,42,24,15,20,18,1,2,1,4,7,0,0,38,494,137,0,Alone,0
10686,1965,Postgraduate,Together,34230.0,1,1,26-12-2012,72,15,0,4,0,0,2,1,1,0,2,7,0,0,49,550,21,2,Partner,2
2546,1977,Undergraduate,Single,31878.0,0,1,22-06-2014,7,23,4,5,10,5,23,1,1,0,4,3,0,0,37,7,70,1,Alone,0
3283,1972,Undergraduate,Married,70932.0,0,1,19-01-2014,57,200,193,100,46,185,185,2,6,2,12,3,0,0,42,161,909,1,Partner,1
3138,1956,Graduate,Single,91249.0,0,0,20-10-2012,84,1324,27,119,71,108,27,0,7,9,6,4,0,1,58,617,1676,0,Alone,3
4994,1943,Postgraduate,Single,77598.0,0,0,01-10-2013,53,1193,33,281,129,66,33,1,7,5,13,3,0,0,71,271,1735,0,Alone,3
7966,1959,Graduate,Single,80982.0,1,1,08-01-2013,48,505,137,401,104,22,22,3,11,5,11,5,1,0,55,537,1191,2,Alone,3
3112,1977,Postgraduate,Married,22701.0,1,0,05-09-2013,2,2,4,9,0,4,5,1,1,0,3,5,0,0,37,297,24,1,Partner,2
10872,1969,Postgraduate,Married,55212.0,0,1,23-11-2012,65,1103,0,45,0,0,34,3,4,2,11,8,0,0,45,583,1182,1,Partner,1
2181,1970,Graduate,Married,70617.0,0,0,23-06-2013,45,353,61,753,40,46,27,1,3,3,7,2,0,0,44,371,1280,0,Partner,1
1867,1957,Graduate,Single,64849.0,0,0,13-11-2012,42,652,48,350,94,84,108,1,9,3,6,5,0,1,57,593,1336,0,Alone,3
1518,1965,Postgraduate,Married,62694.0,1,1,17-06-2013,29,379,6,157,25,91,91,5,9,3,7,7,0,0,49,377,749,2,Partner,1
5734,1974,Postgraduate,Married,61917.0,1,1,20-11-2013,83,46,4,36,2,2,1,1,2,0,4,5,0,0,40,221,91,2,Partner,2
2878,1947,Postgraduate,Married,67472.0,0,1,28-09-2013,93,162,31,127,8,17,69,2,4,2,7,3,0,0,67,274,414,1,Partner,1
1458,1982,Postgraduate,Married,21059.0,1,0,07-01-2014,40,8,3,19,3,3,8,3,3,0,3,6,0,0,32,173,44,1,Partner,2
7007,1968,Postgraduate,Married,29543.0,2,0,01-04-2014,47,17,3,18,3,4,18,2,3,1,2,7,0,0,46,89,63,2,Partner,2
6200,1951,Graduate,Married,75903.0,0,1,08-04-2013,50,340,108,185,130,38,100,2,6,6,9,3,0,0,63,447,901,1,Partner,1
1403,1975,Undergraduate,Together,34984.0,1,1,06-09-2012,40,8,4,15,3,5,3,2,1,0,3,7,0,0,39,661,38,2,Partner,2
4827,1956,Postgraduate,Single,54998.0,0,1,10-03-2013,3,154,22,202,39,30,8,5,4,2,9,4,0,1,58,476,455,1,Alone,3
6250,1949,Postgraduate,Widow,54356.0,0,1,19-11-2012,62,710,15,30,20,0,0,3,11,2,8,8,0,1,65,587,775,1,Alone,3
9291,1959,Postgraduate,Married,34242.0,0,1,23-03-2014,25,8,2,4,0,0,1,1,0,0,3,5,0,0,55,98,15,1,Partner,2
2478,1973,Graduate,Married,25410.0,1,0,31-08-2013,48,2,2,4,13,13,4,1,1,0,4,4,0,0,41,302,38,1,Partner,2
1139,1984,Postgraduate,Married,73356.0,0,0,06-02-2014,56,1050,14,322,0,14,112,1,5,11,5,2,0,1,30,143,1512,0,Partner,1
5138,1950,Graduate,Together,28320.0,0,1,14-01-2013,68,19,1,14,3,2,4,1,1,0,3,8,0,0,64,531,43,1,Partner,2
5393,1977,Graduate,Single,23763.0,1,0,07-08-2012,64,22,0,6,6,2,6,1,1,0,3,7,0,0,37,691,42,1,Alone,0
10413,1984,Graduate,Married,72570.0,0,0,25-04-2014,67,274,83,216,151,141,224,1,4,6,12,1,0,0,30,65,1089,0,Partner,1
5015,1976,Postgraduate,Married,34529.0,1,0,14-09-2012,94,68,6,38,3,6,41,2,2,2,3,7,0,0,38,653,162,1,Partner,2
10868,1951,Graduate,Widow,70792.0,0,0,06-02-2013,82,344,45,654,104,11,114,2,3,4,10,3,0,0,63,508,1272,0,Alone,3
10676,1982,Graduate,Married,63211.0,0,0,02-11-2012,3,145,193,459,205,26,145,2,3,8,7,2,0,1,32,604,1173,0,Partner,1
2495,1974,Postgraduate,Married,83891.0,0,1,20-06-2014,24,217,38,350,111,85,15,1,4,7,10,1,0,0,40,9,816,1,Partner,1
7842,1968,Graduate,Single,36065.0,1,1,31-03-2013,54,18,7,34,10,2,3,3,3,0,3,8,0,0,46,455,74,2,Alone,0
9955,1954,Graduate,Together,39898.0,0,1,12-02-2013,20,69,8,26,12,7,12,2,3,0,4,7,0,0,60,502,134,1,Partner,2
6663,1940,Postgraduate,Single,51141.0,0,0,08-07-2013,96,144,0,7,0,0,6,1,3,1,4,5,0,0,74,356,157,0,Alone,0
2162,1976,Graduate,Married,56939.0,0,1,18-09-2013,19,256,34,103,90,29,49,2,3,3,10,3,0,0,38,284,561,1,Partner,1
3434,1951,Graduate,Single,80872.0,0,0,12-05-2014,60,483,72,567,94,12,108,1,4,4,10,1,0,0,63,48,1336,0,Alone,3
7919,1976,Postgraduate,Together,72335.0,0,0,13-08-2012,2,1285,105,653,28,21,0,1,10,4,8,8,0,1,38,685,2092,0,Partner,1
5626,1964,Postgraduate,Single,61798.0,0,0,23-11-2013,13,338,4,89,11,8,13,1,4,2,9,4,0,0,50,218,463,0,Alone,3
6428,1950,Postgraduate,Widow,76842.0,0,0,03-05-2014,37,605,10,345,84,54,32,1,1,8,7,0,0,0,64,57,1130,0,Alone,3
8514,1976,Graduate,Together,29478.0,1,0,17-01-2014,59,8,0,7,3,1,1,1,1,0,3,6,0,0,38,163,20,1,Partner,2
10448,1956,Graduate,Single,46998.0,0,1,22-10-2012,55,172,41,86,45,6,27,5,5,3,5,7,0,0,58,615,377,1,Alone,0
2109,1990,Graduate,Single,96843.0,0,0,23-04-2013,60,448,71,951,40,17,17,1,6,11,10,2,0,1,24,432,1544,0,Alone,3
7530,1950,Postgraduate,Widow,56551.0,1,1,07-05-2014,48,67,4,32,17,2,16,3,2,1,4,4,0,0,64,53,138,2,Alone,0
8925,1965,Postgraduate,Married,70053.0,0,1,03-07-2013,38,512,53,98,81,179,89,3,8,5,10,5,0,0,49,361,1012,1,Partner,1
3009,1962,Postgraduate,Widow,71670.0,0,0,09-07-2013,8,1462,16,128,0,0,160,1,5,3,6,6,0,1,52,355,1766,0,Alone,3
6355,1978,Graduate,Married,44359.0,1,1,17-06-2014,19,20,0,14,7,3,1,3,2,0,4,3,0,0,36,12,45,2,Partner,2
3517,1952,Graduate,Single,40887.0,1,1,06-05-2013,32,50,4,44,10,10,43,3,3,1,3,9,0,1,62,419,161,2,Alone,0
1158,1966,Graduate,Divorced,48877.0,0,1,05-01-2014,27,102,1,15,2,0,24,1,3,0,4,7,0,0,48,175,144,1,Alone,0
6203,1947,Graduate,Together,74485.0,0,0,24-08-2013,58,499,149,815,173,49,49,1,6,7,12,3,0,0,67,309,1734,0,Partner,1
7165,1972,Graduate,Together,64474.0,0,1,22-10-2013,59,381,35,172,56,86,93,2,8,2,10,5,0,0,42,250,823,1,Partner,1
3595,1963,Graduate,Together,77226.0,0,1,28-02-2014,29,631,43,239,128,76,21,2,6,8,12,3,0,0,51,121,1138,1,Partner,1
8537,1949,Graduate,Widow,72643.0,0,0,27-02-2013,60,526,80,553,123,94,53,1,3,10,7,2,0,1,65,487,1429,0,Alone,3
4331,1978,Postgraduate,Together,85738.0,0,0,23-01-2014,41,913,26,376,17,26,13,1,3,6,11,1,0,0,36,157,1371,0,Partner,1
6281,1966,Graduate,Divorced,55686.0,0,1,14-02-2013,27,673,0,199,37,47,26,2,6,3,5,4,0,0,48,500,982,1,Alone,3
4338,1983,Graduate,Single,39062.0,1,0,25-03-2014,28,23,0,9,0,0,12,1,1,0,3,4,0,0,31,96,44,1,Alone,0
2452,1971,Graduate,Together,34600.0,1,1,01-01-2013,8,199,33,60,8,3,15,5,5,2,5,8,0,1,43,544,318,2,Partner,2
9507,1975,Graduate,Married,40794.0,0,1,07-04-2013,18,261,23,73,4,23,50,2,6,3,5,7,0,0,39,448,434,1,Partner,2
8360,1971,Undergraduate,Married,54690.0,1,1,07-11-2013,76,111,16,37,7,9,18,3,3,1,5,3,0,0,43,234,198,2,Partner,2
10311,1969,Graduate,Married,4428.0,0,1,05-10-2013,0,16,4,12,2,4,321,0,25,0,0,1,0,0,45,267,359,1,Partner,1
5117,1963,Undergraduate,Married,32632.0,0,0,02-08-2012,32,63,151,137,153,19,53,2,4,4,8,5,0,0,51,696,576,0,Partner,1
4867,1968,Postgraduate,Single,38236.0,1,1,20-09-2013,2,58,0,18,2,0,10,4,3,0,4,7,0,0,46,282,88,2,Alone,0
9289,1979,Graduate,Married,36781.0,1,0,10-04-2014,16,29,1,17,0,3,13,1,2,1,2,8,0,1,35,80,63,1,Partner,2
10913,1984,Postgraduate,Single,31385.0,1,0,05-12-2012,56,3,2,12,0,1,9,1,1,0,2,8,0,1,30,571,27,1,Alone,0
3032,1984,Graduate,Married,24570.0,1,0,27-02-2013,97,28,34,62,11,14,44,3,4,0,4,9,0,0,30,487,193,1,Partner,2
8524,1974,Postgraduate,Divorced,25509.0,1,0,18-09-2012,15,40,3,30,10,7,11,3,3,0,3,9,0,1,40,649,101,1,Alone,0
3334,1951,Graduate,Married,94642.0,0,0,12-02-2014,35,879,143,797,106,143,143,0,5,7,9,1,0,0,63,137,2211,0,Partner,1
4470,1962,Postgraduate,Married,58646.0,0,1,10-06-2013,3,62,1,44,6,5,22,1,2,1,4,4,0,0,52,384,140,1,Partner,2
1406,1975,Graduate,Single,53201.0,1,1,12-02-2013,49,280,7,81,20,0,27,8,6,3,5,7,0,0,39,502,415,2,Alone,0
8619,1957,Graduate,Together,21994.0,0,1,24-12-2012,4,9,0,6,3,1,3,1,0,0,3,5,0,0,57,552,22,1,Partner,2
10821,1978,Graduate,Married,57113.0,1,1,06-02-2013,45,182,4,33,0,2,42,6,4,1,5,7,0,0,36,508,263,2,Partner,2
4552,1991,Graduate,Married,51373.0,0,0,22-06-2013,37,83,2,101,64,26,117,1,3,5,3,4,0,0,23,372,393,0,Partner,2
898,1986,Graduate,Married,23477.0,1,0,21-10-2013,39,38,15,54,3,8,29,3,3,0,4,8,0,0,28,251,147,1,Partner,2
9797,1956,Graduate,Married,58116.0,0,1,13-04-2014,38,228,19,130,4,11,51,2,3,3,8,2,0,0,58,77,443,1,Partner,1
10949,1963,Postgraduate,Divorced,72968.0,0,0,16-12-2013,8,1092,37,592,145,37,55,1,5,5,8,3,0,1,51,195,1958,0,Alone,3
8212,1971,Postgraduate,Married,39791.0,0,1,28-03-2013,89,85,15,27,13,13,21,2,3,1,4,7,0,0,43,458,174,1,Partner,2
6248,1947,Postgraduate,Single,91712.0,0,0,17-10-2013,47,1276,24,746,94,29,48,0,9,7,11,3,0,1,67,255,2217,0,Alone,3
10164,1958,Graduate,Single,94472.0,0,1,03-04-2014,75,1017,33,417,108,100,16,1,5,5,5,5,0,0,56,87,1691,1,Alone,3
4547,1960,Graduate,Together,13672.0,1,1,17-04-2013,86,6,2,9,2,1,5,2,1,0,3,8,0,0,54,438,25,2,Partner,2
6815,1980,Undergraduate,Married,96547.0,0,0,23-05-2014,4,448,21,125,52,101,62,0,7,6,8,2,0,1,34,37,809,0,Partner,1
4122,1975,Graduate,Married,79205.0,0,0,29-08-2012,73,504,23,117,179,28,44,1,6,5,4,4,0,1,39,669,895,0,Partner,1
10841,1975,Postgraduate,Together,56559.0,0,1,25-12-2012,46,226,22,133,41,31,31,3,4,3,8,4,0,0,39,551,484,1,Partner,1
5370,1973,Postgraduate,Married,32644.0,1,0,16-01-2013,38,239,3,141,0,7,23,4,7,1,6,8,0,0,41,529,413,1,Partner,2
176,1980,Undergraduate,Single,67506.0,0,1,02-01-2014,73,90,38,67,33,36,67,1,4,1,6,3,0,0,34,178,331,1,Alone,0
4860,1970,Graduate,Single,24206.0,1,0,08-03-2013,66,7,2,8,3,2,3,1,1,0,3,6,0,0,44,478,25,1,Alone,0
10757,1967,Postgraduate,Divorced,28420.0,1,0,24-12-2013,36,4,2,5,2,0,0,1,1,0,2,6,0,0,47,187,13,1,Alone,0
4023,1970,Graduate,Married,22979.0,1,0,06-09-2012,29,16,17,19,20,21,22,3,3,2,2,8,0,1,44,661,115,1,Partner,2
6679,1966,Graduate,Single,33279.0,0,0,12-06-2014,29,10,3,3,0,0,0,1,0,0,3,3,0,0,48,17,16,0,Alone,0
9923,1972,Postgraduate,Single,46423.0,1,1,18-09-2013,6,68,0,16,0,0,8,3,2,0,4,7,0,0,42,284,92,2,Alone,0
7181,1977,Graduate,Married,30368.0,0,1,07-11-2013,97,35,0,13,2,0,2,2,2,0,3,8,0,0,37,234,52,1,Partner,2
3599,1970,Graduate,Married,63684.0,0,1,26-11-2012,61,575,80,428,208,93,80,3,8,4,8,5,0,0,44,580,1464,1,Partner,1
405,1964,Graduate,Divorced,41638.0,0,1,13-02-2013,68,315,0,31,4,0,91,4,5,5,3,8,0,0,50,501,441,1,Alone,0
6870,1959,Postgraduate,Divorced,68805.0,0,1,17-09-2013,73,182,2,49,17,13,20,1,3,1,7,2,0,0,55,285,283,1,Alone,3
832,1966,Postgraduate,Together,65814.0,0,1,02-03-2014,90,561,14,113,10,14,35,3,8,2,10,5,0,0,48,119,747,1,Partner,1
2002,1958,Graduate,Divorced,71964.0,0,0,20-05-2013,81,587,51,932,180,34,86,1,5,6,5,3,0,0,56,405,1870,0,Alone,3
3657,1986,Graduate,Single,39146.0,1,0,14-02-2013,1,94,1,33,13,12,12,3,4,0,4,8,0,0,28,500,165,1,Alone,0
500,1977,Graduate,Together,96876.0,0,0,06-08-2013,79,908,43,735,40,194,21,1,7,7,9,2,0,1,37,327,1941,0,Partner,1
1951,1981,Undergraduate,Married,34445.0,0,0,27-01-2013,92,228,122,122,208,129,30,6,11,2,8,9,0,0,33,518,839,0,Partner,2
3262,1958,Graduate,Single,68281.0,0,0,07-08-2012,31,995,112,417,42,48,41,1,2,9,13,5,0,1,56,691,1655,0,Alone,3
4102,1975,Undergraduate,Married,37284.0,1,1,29-03-2013,46,11,1,2,2,1,6,1,0,0,3,6,0,0,39,457,23,2,Partner,2
7042,1983,Graduate,Married,36790.0,0,0,01-03-2013,14,3,3,14,15,21,10,1,2,1,2,9,0,1,31,485,66,0,Partner,2
10598,1967,Graduate,Together,27943.0,1,1,15-04-2013,89,12,1,16,4,1,3,3,2,0,3,8,0,0,47,440,37,2,Partner,2
255,1951,Graduate,Divorced,22263.0,1,1,30-03-2014,31,17,0,2,0,0,2,2,1,0,3,6,1,0,63,91,21,2,Alone,0
2375,1972,Graduate,Together,30261.0,1,2,25-09-2012,75,8,0,5,0,3,6,1,0,0,3,8,0,0,42,642,22,3,Partner,2
9829,1978,Graduate,Together,28587.0,1,0,12-02-2014,42,22,4,17,12,10,13,3,2,0,4,6,0,0,36,137,78,1,Partner,2
6214,1982,Postgraduate,Married,43815.0,1,0,05-04-2013,53,14,10,29,4,7,15,1,2,0,3,6,0,0,32,450,79,1,Partner,2
4954,1956,Graduate,Married,48195.0,1,1,21-01-2014,53,106,27,68,52,7,5,6,4,2,5,6,0,0,58,159,265,2,Partner,2
7861,1952,Postgraduate,Married,77027.0,0,1,05-02-2014,23,820,57,242,45,0,11,2,8,3,6,4,0,0,62,144,1175,1,Partner,1
4837,1965,Postgraduate,Married,71322.0,0,1,16-02-2013,57,753,43,226,69,10,204,2,8,5,13,4,0,0,49,498,1305,1,Partner,1
9423,1979,Postgraduate,Married,32765.0,1,0,23-02-2014,49,13,3,17,7,3,3,2,2,0,4,5,0,0,35,126,46,1,Partner,2
4198,1965,Graduate,Together,29672.0,1,1,12-03-2013,6,9,1,3,0,4,8,1,0,0,3,6,0,0,49,474,25,2,Partner,2
153,1953,Graduate,Divorced,23272.0,0,0,17-10-2013,29,19,3,6,4,2,12,1,1,0,3,4,0,0,61,255,46,0,Alone,0
9323,1949,Postgraduate,Together,49912.0,0,1,07-09-2012,5,520,8,223,32,49,42,4,10,5,7,8,0,1,65,660,874,1,Partner,1
10001,1985,Undergraduate,Together,7500.0,1,0,01-08-2012,98,5,17,17,13,14,34,4,2,1,3,9,0,0,29,697,100,1,Partner,2
3945,1947,Postgraduate,Widow,68117.0,0,1,10-03-2013,80,618,44,215,0,17,36,2,11,8,4,6,0,1,67,476,930,1,Alone,3
3799,1955,Graduate,Married,67225.0,0,1,26-11-2013,4,315,35,322,46,7,143,3,7,2,11,5,0,0,59,215,868,1,Partner,1
8625,1976,Graduate,Married,17649.0,1,0,12-11-2013,70,15,1,23,0,5,1,3,3,0,3,8,0,0,38,229,45,1,Partner,2
3491,1975,Graduate,Together,55914.0,0,1,29-04-2013,32,384,60,364,119,101,232,4,11,6,8,7,0,0,39,426,1260,1,Partner,1
983,1984,Graduate,Married,40059.0,1,0,28-09-2013,82,110,29,92,28,10,145,1,6,2,3,8,0,0,30,274,414,1,Partner,2
9119,1950,Graduate,Together,60905.0,0,1,05-12-2013,27,208,17,76,36,17,38,2,3,3,7,2,0,0,64,206,392,1,Partner,1
4786,1977,Graduate,Married,75330.0,1,1,04-10-2012,94,555,82,257,93,61,61,4,10,3,12,6,0,0,37,633,1109,2,Partner,1
5872,1951,Graduate,Single,60689.0,0,1,01-06-2013,23,240,90,216,63,6,24,4,4,4,10,3,0,0,63,393,639,1,Alone,3
6568,1984,Graduate,Married,38680.0,1,0,28-03-2013,97,11,0,36,15,5,12,1,2,0,3,7,0,0,30,458,79,1,Partner,2
5628,1982,Graduate,Together,61416.0,0,0,08-02-2013,25,848,154,323,201,61,78,1,10,3,10,6,0,0,32,506,1665,0,Partner,1
5631,1991,Graduate,Single,49767.0,0,0,02-05-2013,92,202,47,197,55,42,149,1,5,4,8,4,0,0,23,423,692,0,Alone,3
4974,1970,Graduate,Single,83273.0,1,2,25-09-2012,98,433,89,650,16,102,102,10,4,6,9,7,0,0,44,642,1392,3,Alone,3
8416,1981,Graduate,Married,29009.0,1,0,29-11-2013,19,6,6,15,10,5,2,2,2,0,3,6,0,0,33,212,44,1,Partner,2
5454,1979,Postgraduate,Married,45057.0,1,0,01-12-2013,80,37,0,7,3,0,3,1,2,0,3,5,0,0,35,210,50,1,Partner,2
4095,1971,Graduate,Married,37150.0,1,0,11-09-2012,80,167,37,64,49,34,116,8,4,3,6,7,0,0,43,656,467,1,Partner,2
5474,1970,Graduate,Single,43020.0,1,0,30-11-2013,79,45,7,99,4,25,43,3,4,1,4,6,0,0,44,211,223,1,Alone,0
4268,1959,Graduate,Married,53154.0,0,1,09-06-2014,50,129,0,21,0,1,7,1,3,1,4,4,0,0,55,20,158,1,Partner,2
10701,1973,Graduate,Married,65308.0,0,0,11-09-2013,60,713,0,264,120,80,34,1,7,8,12,4,0,0,41,291,1211,0,Partner,1
3507,1970,Graduate,Single,76467.0,1,0,17-08-2012,44,676,161,426,210,44,58,2,2,5,5,6,0,1,44,681,1575,1,Alone,3
2079,1947,Undergraduate,Married,81044.0,0,0,27-12-2013,0,450,26,535,73,98,26,1,5,6,10,1,0,0,67,184,1208,0,Partner,1
626,1951,Graduate,Married,32871.0,1,1,09-03-2013,28,22,2,12,0,2,5,1,1,0,3,4,0,0,63,477,43,2,Partner,2
4426,1975,Graduate,Single,55801.0,1,1,22-09-2013,35,367,4,51,6,4,95,6,7,2,6,7,0,0,39,280,527,2,Alone,0
2591,1959,Graduate,Widow,76320.0,0,1,22-06-2014,49,526,35,214,69,53,35,2,6,3,4,2,0,0,55,7,932,1,Alone,3
10509,1955,Postgraduate,Single,36927.0,1,1,02-06-2014,46,51,0,16,0,0,4,2,3,0,3,8,0,0,59,27,71,2,Alone,0
6382,1953,Graduate,Together,48794.0,1,1,26-06-2014,97,25,0,11,3,0,15,1,1,0,3,4,0,0,61,3,54,2,Partner,2
6673,1965,Graduate,Single,23478.0,0,0,19-03-2013,51,28,6,27,12,17,39,1,3,0,3,8,0,0,49,467,129,0,Alone,0
7441,1973,Graduate,Divorced,71128.0,1,0,06-10-2012,80,958,159,447,20,0,31,3,2,10,12,7,0,0,41,631,1615,1,Alone,3
1071,1976,Postgraduate,Divorced,70179.0,0,1,21-07-2013,10,532,88,168,69,44,133,3,7,3,13,5,0,0,38,343,1034,1,Alone,3
10061,1950,Graduate,Married,59462.0,0,1,05-01-2013,29,724,17,143,0,8,196,2,9,2,12,7,0,0,64,540,1088,1,Partner,1
7187,1969,Postgraduate,Together,51381.5,1,1,18-05-2013,52,375,42,48,94,66,96,7,4,10,4,3,0,0,45,407,721,2,Partner,1
8775,1969,Graduate,Together,38361.0,1,0,27-12-2013,74,39,0,56,20,8,14,3,3,1,3,7,0,0,45,184,137,1,Partner,2
1612,1981,Postgraduate,Single,51381.5,1,0,31-05-2013,82,23,0,15,0,2,7,2,3,0,3,6,0,0,33,394,47,1,Alone,0
2345,1982,Postgraduate,Together,70038.0,0,0,25-10-2013,54,587,54,348,71,54,130,1,4,4,8,2,0,0,32,247,1244,0,Partner,1
322,1978,Graduate,Together,42554.0,1,1,12-01-2013,93,29,1,11,0,0,0,2,2,0,3,4,0,0,36,533,41,2,Partner,2
10897,1974,Graduate,Married,67445.0,0,1,12-08-2012,63,757,80,217,29,80,11,5,9,6,12,6,0,0,40,686,1174,1,Partner,1
123,1951,Graduate,Widow,67046.0,0,1,06-01-2013,92,544,35,133,23,151,107,2,4,5,4,2,0,0,63,539,993,1,Alone,3
6103,1948,Graduate,Married,42192.0,0,0,06-09-2013,40,40,15,15,17,6,7,1,2,1,3,4,0,0,66,296,100,0,Partner,2
7899,1952,Postgraduate,Married,77610.0,0,1,29-10-2012,70,1245,33,332,21,33,16,2,4,7,4,7,0,0,62,608,1680,1,Partner,1
10500,1984,Graduate,Married,31761.0,1,0,05-04-2014,96,19,1,20,16,14,28,2,3,0,4,5,0,0,30,85,98,1,Partner,2
1655,1979,Graduate,Together,34350.0,1,0,19-10-2013,81,16,3,15,2,1,11,1,1,0,3,7,0,0,35,253,48,1,Partner,2
2406,1949,Graduate,Together,54591.0,0,1,05-08-2013,63,376,4,94,12,9,24,3,6,2,8,5,0,0,65,328,519,1,Partner,1
2712,1956,Graduate,Married,71866.0,0,1,25-12-2013,85,184,178,178,103,39,33,1,6,3,10,3,0,0,58,186,715,1,Partner,1
5517,1969,Graduate,Married,25293.0,1,0,15-09-2013,51,15,0,11,0,2,9,1,1,1,2,8,0,0,45,287,37,1,Partner,2
10643,1987,Postgraduate,Single,42000.0,0,0,10-01-2013,23,124,83,267,85,59,35,2,5,2,11,5,0,1,27,535,653,0,Alone,3
2254,1983,Graduate,Married,69520.0,0,0,07-07-2013,95,627,120,414,121,80,93,1,9,6,5,5,0,0,31,357,1455,0,Partner,1
10281,1970,Graduate,Divorced,64713.0,1,0,07-02-2014,11,180,60,241,13,54,54,2,5,5,7,4,0,1,44,142,602,1,Alone,3
6958,1977,Postgraduate,Married,27889.0,1,0,05-07-2013,42,14,0,4,0,0,8,1,1,1,2,6,0,0,37,359,26,1,Partner,2
954,1960,Undergraduate,Widow,22123.0,0,0,27-03-2014,77,3,3,24,34,7,31,1,2,1,3,5,0,0,54,94,102,0,Alone,0
5079,1971,Graduate,Married,51381.5,1,1,03-03-2013,82,71,1,16,0,0,9,4,2,1,3,8,0,0,43,483,97,2,Partner,2
10339,1954,Postgraduate,Together,51381.5,0,1,23-06-2013,83,161,0,22,0,0,24,2,4,1,4,6,0,0,60,371,207,1,Partner,2
4643,1973,Graduate,Married,27803.0,1,0,26-08-2012,40,8,26,46,38,9,49,2,3,0,4,8,0,0,41,672,176,1,Partner,2
3117,1955,Graduate,Single,51381.5,0,1,18-10-2013,95,264,0,21,12,6,147,3,6,1,5,7,0,0,59,254,450,1,Alone,0
6497,1960,Graduate,Married,51651.0,0,1,07-11-2012,32,293,6,23,13,6,92,4,6,2,5,8,0,0,54,599,433,1,Partner,2
5396,1988,Graduate,Married,68487.0,0,0,13-01-2013,48,758,12,385,33,89,89,1,9,7,13,4,0,0,26,532,1366,0,Partner,1
5250,1943,Postgraduate,Widow,51381.5,0,0,30-10-2013,75,532,126,490,164,126,126,1,5,5,11,1,0,1,71,242,1564,0,Alone,3
1052,1969,Graduate,Married,56796.0,0,1,16-02-2013,24,656,38,161,62,47,37,3,8,9,7,7,0,0,45,498,1001,1,Partner,1
2802,1992,Undergraduate,Married,87000.0,0,0,15-12-2012,61,196,25,607,67,17,49,1,4,6,7,2,0,0,22,561,961,0,Partner,1
6343,1959,Graduate,Married,79823.0,0,1,31-03-2014,6,835,73,380,114,73,43,1,6,9,7,2,0,0,55,90,1518,1,Partner,1
6507,1980,Graduate,Single,30828.0,1,0,04-10-2013,16,16,11,15,2,0,12,2,1,1,4,3,0,0,34,268,56,1,Alone,0
7901,1971,Postgraduate,Married,34109.0,0,1,06-11-2013,39,9,1,5,2,1,4,1,0,0,3,4,0,0,43,235,22,1,Partner,2
4865,1974,Postgraduate,Divorced,53367.0,1,1,31-08-2013,2,229,7,140,10,3,11,7,5,1,8,7,0,1,40,302,400,2,Alone,0
2686,1969,Undergraduate,Together,22390.0,0,0,21-10-2013,49,0,1,4,15,1,5,1,1,0,2,7,0,0,45,251,26,0,Partner,2
3107,1976,Graduate,Together,71322.0,0,1,02-05-2014,31,121,24,124,24,15,42,1,4,1,7,2,0,0,38,58,350,1,Partner,1
7734,1993,Graduate,Absurd,79244.0,0,0,19-12-2012,58,471,102,125,212,61,245,1,4,10,7,1,0,1,21,557,1216,0,Alone,3
1146,1949,Postgraduate,Together,49912.0,0,1,07-09-2012,5,520,8,223,32,49,42,4,10,5,7,8,0,1,65,660,874,1,Partner,1
11031,1950,Postgraduate,Married,48699.0,1,1,21-05-2013,90,26,1,10,2,0,1,1,1,0,3,5,0,0,64,404,40,2,Partner,2
7428,1975,Graduate,Together,80144.0,0,0,30-09-2013,47,240,132,445,250,192,108,1,3,7,8,1,0,0,39,272,1367,0,Partner,1
975,1956,Graduate,Single,54252.0,1,1,28-05-2013,25,178,4,26,8,4,44,5,4,1,5,6,0,0,58,397,264,2,Alone,0
1103,1976,Postgraduate,Married,81929.0,1,0,29-09-2012,60,1486,55,278,49,0,185,2,4,4,10,6,0,1,38,638,2053,1,Partner,1
3422,1975,Graduate,Married,76068.0,0,1,29-11-2012,67,1115,12,128,33,12,76,1,2,3,4,6,0,0,39,577,1376,1,Partner,1
1055,1976,Postgraduate,Married,53204.0,1,1,20-03-2014,40,29,0,8,2,0,6,1,1,0,3,4,0,0,38,101,45,2,Partner,2
6544,1949,Postgraduate,Together,67911.0,0,1,22-05-2014,63,529,0,356,63,28,0,3,6,7,11,3,0,0,65,38,976,1,Partner,1
1241,1984,Undergraduate,Married,14796.0,1,0,17-09-2012,1,13,3,8,7,4,16,2,1,0,3,9,0,1,30,650,51,1,Partner,2
2909,1974,Postgraduate,Married,78128.0,0,1,19-02-2014,89,934,24,230,16,24,36,2,8,4,6,3,0,0,40,130,1264,1,Partner,1
5802,1972,Undergraduate,Married,14188.0,0,0,28-02-2013,40,2,7,11,16,12,27,1,2,0,4,6,0,0,42,486,75,0,Partner,2
1407,1986,Undergraduate,Married,20425.0,1,0,29-10-2012,5,4,12,5,3,16,17,2,2,0,3,7,0,0,28,608,57,1,Partner,2
6183,1962,Postgraduate,Married,58646.0,0,1,10-06-2013,3,62,1,44,6,5,22,1,2,1,4,4,0,0,52,384,140,1,Partner,2
340,1970,Graduate,Divorced,72967.0,0,1,15-12-2012,1,158,35,179,0,0,125,2,7,2,8,5,0,1,44,561,497,1,Alone,3
5991,1949,Postgraduate,Married,48150.0,0,1,08-06-2013,24,173,2,39,3,2,47,3,5,1,4,7,0,0,65,386,266,1,Partner,2
3104,1961,Graduate,Single,82332.0,0,0,17-09-2012,89,830,59,968,51,79,19,1,5,3,12,2,0,1,53,650,2006,0,Alone,3
9729,1955,Graduate,Widow,58275.0,1,1,02-06-2013,48,189,10,253,56,43,64,6,8,2,7,7,0,0,59,392,615,2,Alone,0
1008,1981,Postgraduate,Together,44953.0,0,0,21-12-2012,31,728,17,133,11,8,124,1,7,3,13,6,0,0,33,555,1021,0,Partner,1
11091,1953,Graduate,Together,34587.0,1,1,16-05-2014,68,7,2,9,2,0,2,2,1,0,3,4,0,0,61,44,22,2,Partner,2
3969,1974,Postgraduate,Together,43018.0,0,1,01-11-2013,46,35,4,17,7,6,64,1,2,2,2,5,0,0,40,240,133,1,Partner,2
1916,1954,Postgraduate,Married,45736.0,0,1,24-07-2013,92,188,3,180,20,3,43,5,7,1,6,7,0,0,60,340,437,1,Partner,2
9907,1969,Postgraduate,Together,66476.0,0,1,04-12-2013,80,742,28,152,25,9,57,2,6,8,10,4,0,0,45,207,1013,1,Partner,1
87,1981,Undergraduate,Married,27733.0,1,0,26-08-2013,16,0,7,5,26,2,17,2,2,0,3,7,0,0,33,307,57,1,Partner,2
8659,1952,Postgraduate,Together,69805.0,0,1,21-01-2014,50,750,71,174,13,10,20,2,6,8,11,2,0,0,62,159,1038,1,Partner,1
6262,1962,Postgraduate,Single,72217.0,0,0,10-04-2013,93,816,42,450,55,56,154,1,3,10,8,2,0,0,52,445,1573,0,Alone,3
6147,1971,Graduate,Divorced,25818.0,1,0,18-10-2012,51,5,2,8,2,2,9,1,0,1,2,7,0,0,43,619,28,1,Alone,0
8832,1976,Postgraduate,Together,37509.0,1,0,12-09-2012,24,37,5,56,12,8,5,2,3,0,4,7,0,0,38,655,123,1,Partner,2
10067,1976,Undergraduate,Together,25176.0,1,1,10-08-2013,79,4,0,4,0,0,5,1,1,0,2,7,0,0,38,323,13,2,Partner,2
7532,1980,Graduate,Married,43586.0,0,1,30-08-2012,26,99,2,11,4,0,16,3,3,0,4,8,0,0,34,668,132,1,Partner,2
4915,1956,Undergraduate,Married,53230.0,0,1,03-08-2012,86,176,72,98,136,21,229,4,5,2,12,5,0,0,58,695,732,1,Partner,1
2115,1957,Graduate,Together,50116.0,1,1,20-06-2014,68,54,0,10,0,0,2,2,1,0,4,5,0,0,57,9,66,2,Partner,2
2088,1972,Graduate,Together,84906.0,0,0,04-10-2013,98,997,15,414,99,30,76,1,5,6,12,2,0,0,42,268,1631,0,Partner,1
2493,1966,Graduate,Married,61286.0,0,1,02-08-2013,34,356,0,107,19,9,117,2,7,1,8,5,0,0,48,331,608,1,Partner,1
6292,1986,Postgraduate,Married,82333.0,0,0,30-03-2013,60,1311,0,359,46,89,17,1,4,3,10,2,0,1,28,456,1822,0,Partner,1
1631,1965,Postgraduate,Together,65220.0,0,0,03-09-2012,3,890,63,292,0,25,12,4,8,4,7,6,0,1,49,664,1282,0,Partner,1
10104,1974,Graduate,Together,33590.0,2,1,03-11-2013,65,4,0,2,0,0,2,1,1,0,2,7,0,0,40,238,8,3,Partner,2
3006,1976,Graduate,Divorced,30992.0,1,0,22-04-2013,83,17,0,14,7,3,2,1,1,0,3,7,0,0,38,433,43,1,Alone,0
3919,1976,Postgraduate,Single,72309.0,0,0,11-03-2013,64,960,0,883,50,38,0,1,5,6,8,3,0,1,38,475,1931,0,Alone,3
11181,1949,Postgraduate,Married,156924.0,0,0,29-08-2013,85,2,1,2,1,1,1,0,0,0,0,0,0,0,65,304,8,0,Partner,1
642,1980,Undergraduate,Married,16005.0,1,0,14-08-2012,69,1,3,2,20,30,47,3,2,1,2,8,0,0,34,684,103,1,Partner,2
4369,1957,Postgraduate,Absurd,65487.0,0,0,10-01-2014,48,240,67,500,199,0,163,3,3,5,6,2,0,0,57,170,1169,0,Alone,3
10127,1965,Graduate,Married,58692.0,0,1,06-04-2014,21,301,11,61,4,7,11,1,8,2,4,7,0,0,49,84,395,1,Partner,2
271,1969,Graduate,Widow,40590.0,1,1,02-10-2013,30,154,0,50,6,11,37,5,3,4,3,6,0,0,45,270,258,2,Alone,0
4973,1970,Graduate,Single,20587.0,1,0,11-05-2014,39,2,3,6,4,1,9,1,1,1,2,7,0,0,44,49,25,1,Alone,0
2948,1954,Postgraduate,Divorced,62637.0,0,1,01-03-2014,76,104,12,48,4,12,5,1,2,2,5,2,0,0,60,120,185,1,Alone,0
2715,1966,Postgraduate,Divorced,29435.0,1,1,06-08-2012,11,70,3,37,4,2,64,4,3,2,2,9,0,1,48,692,180,2,Alone,0
10432,1974,Graduate,Divorced,19346.0,1,0,30-01-2014,26,2,0,9,3,6,2,1,1,0,3,8,0,0,40,150,22,1,Alone,0
9216,1971,Graduate,Married,35788.0,1,1,23-01-2014,34,23,2,11,3,1,4,2,2,0,3,6,0,0,43,157,44,2,Partner,2
7124,1968,Graduate,Divorced,36997.0,1,1,01-02-2013,72,43,4,12,8,0,27,5,2,1,4,5,0,0,46,513,94,2,Alone,0
9727,1957,Graduate,Married,23539.0,0,0,28-02-2014,13,4,24,11,16,1,25,1,2,0,4,6,0,0,57,121,81,0,Partner,2
5136,1973,Graduate,Single,65333.0,0,1,17-01-2014,58,654,7,92,0,15,30,7,9,4,8,6,0,0,41,163,798,1,Alone,3
9790,1957,Graduate,Single,78499.0,0,0,23-11-2013,12,912,72,170,47,36,97,1,11,3,4,4,0,1,57,218,1334,0,Alone,3
1818,1971,Postgraduate,Together,29732.0,1,0,25-03-2014,23,25,0,8,0,1,4,1,2,0,2,9,0,0,43,96,38,1,Partner,2
1100,1960,Postgraduate,Together,41275.0,1,2,24-03-2014,33,24,4,22,0,2,9,4,3,1,3,5,0,0,54,97,61,3,Partner,2
7873,1973,Postgraduate,Together,63516.0,1,1,06-07-2013,30,141,11,114,15,14,5,4,4,1,7,5,0,0,41,358,300,2,Partner,2
10609,1962,Postgraduate,Married,42769.0,0,1,12-10-2013,15,71,0,13,3,1,0,2,1,1,4,4,0,0,52,260,88,1,Partner,2
6950,1958,Postgraduate,Married,49572.0,1,1,15-12-2013,25,35,1,16,0,1,1,2,2,0,3,7,0,0,56,196,54,2,Partner,2
7233,1972,Graduate,Married,69209.0,0,0,17-09-2012,4,496,32,849,229,48,128,2,5,3,6,4,0,0,42,650,1782,0,Partner,1
9481,1976,Graduate,Married,17148.0,1,0,28-01-2014,80,9,9,11,13,10,16,4,3,1,3,8,0,0,38,152,68,1,Partner,2
7699,1969,Graduate,Widow,40590.0,1,1,02-10-2013,30,154,0,50,6,11,37,5,3,4,3,6,0,0,45,270,258,2,Alone,0
2711,1976,Postgraduate,Together,30560.0,1,0,27-06-2013,6,9,1,5,4,5,7,1,1,0,3,7,0,0,38,367,31,1,Partner,2
8933,1983,Undergraduate,Married,32146.0,1,0,12-05-2014,16,26,3,23,4,7,3,2,2,0,4,6,0,0,31,48,66,1,Partner,2
8726,1964,Undergraduate,Divorced,41713.0,1,1,29-04-2014,57,77,8,44,10,10,25,5,3,1,4,6,0,0,50,61,174,2,Alone,0
1515,1975,Postgraduate,Together,34176.0,0,1,22-01-2014,9,11,2,7,4,2,2,1,1,0,3,3,0,0,39,158,28,1,Partner,2
5186,1955,Postgraduate,Married,58482.0,0,1,12-03-2014,59,576,7,115,19,7,7,2,7,4,9,6,0,0,59,109,731,1,Partner,1
10157,1965,Graduate,Single,59686.0,0,1,25-01-2014,78,89,15,89,34,42,5,1,4,1,6,4,0,0,49,155,274,1,Alone,0
5667,1964,Postgraduate,Married,60896.0,0,1,11-10-2012,90,1013,30,399,60,46,153,3,9,10,4,6,0,1,50,626,1701,1,Partner,1
902,1980,Graduate,Together,62994.0,1,0,04-03-2014,74,224,12,48,4,12,12,1,6,2,4,6,0,0,34,117,312,1,Partner,2
977,1957,Graduate,Together,47320.0,0,1,01-08-2013,10,200,19,111,50,15,19,6,5,1,8,6,0,0,57,332,414,1,Partner,2
7313,1949,Undergraduate,Widow,74859.0,0,0,03-06-2013,63,570,73,614,133,102,73,1,6,5,11,3,0,0,65,391,1565,0,Alone,3
7600,1992,Undergraduate,Single,15253.0,1,0,28-10-2013,13,1,3,3,8,1,13,2,1,0,3,7,0,0,22,244,29,1,Alone,0
9706,1974,Postgraduate,Single,31560.0,1,0,24-06-2013,98,62,1,20,4,0,7,2,2,1,3,8,0,0,40,370,94,1,Alone,0
2429,1954,Graduate,Divorced,72071.0,0,1,14-02-2013,4,531,69,300,150,138,150,3,5,4,8,2,0,0,60,500,1338,1,Alone,3
3520,1990,Postgraduate,Single,91172.0,0,0,27-03-2013,94,162,28,818,0,28,56,0,4,3,7,3,0,1,24,459,1092,0,Alone,3
10394,1984,Graduate,Married,90000.0,0,0,23-12-2013,91,675,144,133,94,192,241,1,4,8,5,1,0,0,30,188,1479,0,Partner,1
4548,1981,Graduate,Single,41967.0,1,1,23-11-2013,66,23,4,10,0,2,15,1,1,0,3,4,0,0,33,218,54,2,Alone,0
9362,1965,Graduate,Single,69263.0,0,1,05-03-2014,14,492,5,32,13,5,21,1,9,1,7,6,0,0,49,116,568,1,Alone,3
3968,1970,Undergraduate,Divorced,65706.0,0,0,28-06-2013,77,918,10,129,13,0,129,1,11,3,12,7,0,1,44,366,1199,0,Alone,3
4084,1975,Graduate,Together,60934.0,0,1,17-01-2014,41,224,155,155,192,93,54,2,6,4,11,4,0,0,39,163,873,1,Partner,1
6721,1951,Graduate,Married,71965.0,0,1,29-07-2013,21,572,19,286,50,38,248,3,6,3,5,3,0,0,63,335,1213,1,Partner,1
2829,1955,Graduate,Married,65210.0,0,1,10-03-2014,25,626,0,70,0,7,28,2,9,3,8,6,0,0,59,111,731,1,Partner,1
1772,1975,Postgraduate,Married,79174.0,0,0,11-01-2013,2,1074,37,518,193,92,129,1,5,6,7,2,0,1,39,534,2043,0,Partner,1
1544,1967,Postgraduate,Divorced,81380.0,0,0,22-12-2012,51,741,68,689,224,68,103,1,4,2,10,2,0,0,47,554,1893,0,Alone,3
492,1973,Postgraduate,YOLO,48432.0,0,1,18-10-2012,3,322,3,50,4,3,42,5,7,1,6,8,0,0,41,619,424,1,Alone,0
4377,1971,Graduate,Married,52914.0,0,1,07-01-2013,32,254,10,44,30,10,227,2,7,3,3,7,0,0,43,538,575,1,Partner,2
4541,1955,Graduate,Together,38946.0,0,1,24-10-2013,84,116,6,82,6,6,41,2,3,1,6,5,0,0,59,248,257,1,Partner,2
1321,1974,Graduate,Married,26067.0,1,0,04-11-2013,49,22,2,18,0,2,12,3,3,0,3,8,0,0,40,237,56,1,Partner,2
8858,1972,Postgraduate,Married,44325.0,0,1,07-03-2013,69,516,0,21,0,0,5,4,8,2,7,8,0,0,42,479,542,1,Partner,2
3266,1964,Graduate,Married,42523.0,0,0,23-04-2014,96,14,36,11,3,26,35,1,1,1,4,2,0,0,50,67,125,0,Partner,2
11187,1978,Undergraduate,Single,26487.0,1,0,20-05-2013,23,2,8,10,12,14,23,3,2,1,3,5,0,0,36,405,69,1,Alone,0
8207,1957,Undergraduate,Married,53233.0,0,1,18-03-2014,18,28,0,9,3,0,0,1,1,0,3,4,0,0,57,103,40,1,Partner,2
9723,1960,Graduate,Married,67716.0,0,1,10-01-2013,8,530,142,217,62,9,56,4,7,4,13,5,0,0,54,535,1016,1,Partner,1
2666,1972,Postgraduate,Married,76234.0,0,1,06-02-2014,21,519,50,167,130,0,41,1,8,3,11,3,0,0,42,143,907,1,Partner,1
5721,1956,Postgraduate,Married,84117.0,0,0,11-05-2014,60,611,76,749,59,45,26,1,7,10,6,2,0,0,58,49,1566,0,Partner,1
10652,1957,Postgraduate,Together,65487.0,0,0,10-01-2014,48,240,67,500,199,0,163,3,3,5,6,2,0,0,57,170,1169,0,Partner,1
1646,1972,Undergraduate,Married,25224.0,1,0,16-03-2014,36,4,9,12,11,2,8,2,1,1,3,3,0,0,42,105,46,1,Partner,2
4418,1983,Postgraduate,Single,89616.0,0,0,25-02-2013,36,671,47,655,145,111,15,1,7,5,12,2,0,1,31,489,1644,0,Alone,3
2656,1971,Graduate,Divorced,40851.0,1,1,21-02-2013,63,23,1,7,0,4,24,1,1,1,2,7,0,0,43,493,59,2,Alone,0
7990,1947,Graduate,Married,27469.0,0,0,02-08-2012,2,9,1,2,3,2,0,1,0,0,3,6,0,0,67,696,17,0,Partner,2
8722,1957,Undergraduate,Married,82347.0,0,0,06-11-2012,38,556,54,845,202,133,63,1,7,7,10,3,0,1,57,600,1853,0,Partner,1
7118,1957,Graduate,Married,73803.0,0,1,01-08-2012,61,833,80,363,52,26,174,2,9,5,6,6,0,1,57,697,1528,1,Partner,1
2980,1952,Postgraduate,Single,8820.0,1,1,22-03-2013,52,12,0,13,4,2,4,4,3,0,3,8,0,0,62,464,35,2,Alone,0
1839,1974,Graduate,Single,43322.0,0,0,21-04-2014,25,56,7,48,10,2,18,1,3,0,4,7,0,0,40,69,141,0,Alone,0
10722,1973,Graduate,Together,55593.0,0,1,21-08-2013,63,293,8,124,11,4,106,2,6,6,3,6,0,0,41,312,546,1,Partner,1
2632,1954,Graduate,Married,50501.0,1,1,18-06-2013,10,297,0,38,13,0,152,7,5,4,4,6,0,1,60,376,500,2,Partner,2
9014,1975,Graduate,Married,37085.0,1,1,26-06-2014,65,39,1,16,2,0,3,4,3,0,3,8,0,0,39,3,61,2,Partner,2
7620,1990,Undergraduate,Single,16185.0,1,0,05-08-2013,71,5,11,16,21,8,45,2,2,2,2,8,0,0,24,328,106,1,Alone,0
10968,1969,Graduate,Single,57731.0,0,1,23-11-2012,0,266,21,300,65,8,44,4,8,8,6,6,0,0,45,583,704,1,Alone,3
11133,1973,Postgraduate,YOLO,48432.0,0,1,18-10-2012,3,322,3,50,4,3,42,5,7,1,6,8,0,1,41,619,424,1,Alone,0
2736,1978,Graduate,Married,73807.0,0,1,02-01-2013,88,366,124,156,71,78,54,2,5,5,11,2,0,0,36,543,849,1,Partner,1
1876,1990,Graduate,Married,18929.0,0,0,16-02-2013,15,32,0,8,23,4,18,1,1,0,4,6,0,0,24,498,85,0,Partner,2
5959,1968,Graduate,Single,35893.0,1,1,15-10-2012,80,158,0,23,0,0,18,6,3,1,5,8,0,0,46,622,199,2,Alone,0
1092,1980,Graduate,Married,61014.0,0,1,11-08-2012,17,269,129,495,182,43,29,4,9,3,4,7,0,0,34,687,1147,1,Partner,1
4333,1954,Graduate,Together,32144.0,1,1,23-03-2014,76,41,0,10,0,0,3,4,2,1,3,7,0,0,60,98,54,2,Partner,2
3850,1963,Undergraduate,Together,14918.0,0,1,07-12-2012,52,3,3,3,15,4,15,1,1,0,3,6,0,0,51,569,43,1,Partner,2
6168,1963,Graduate,Divorced,45146.0,1,1,15-07-2013,28,33,0,5,0,0,15,2,1,1,2,4,0,0,51,349,53,2,Alone,0
607,1955,Undergraduate,Divorced,41769.0,0,1,13-02-2013,31,302,29,131,32,0,27,6,8,1,7,8,0,0,59,501,521,1,Alone,0
10469,1981,Graduate,Together,88325.0,0,0,05-02-2014,42,519,71,860,93,27,53,1,6,2,9,2,0,0,33,144,1623,0,Partner,1
6983,1950,Postgraduate,Divorced,38054.0,1,1,01-05-2014,24,23,2,17,2,1,0,2,2,0,3,7,0,0,64,59,45,2,Alone,0
3661,1995,Undergraduate,Single,80617.0,0,0,12-10-2012,42,594,51,631,72,55,32,1,4,6,8,2,0,0,19,625,1435,0,Alone,3
9303,1976,Graduate,Married,5305.0,0,1,30-07-2013,12,12,4,7,1,3,5,0,1,0,0,13,0,0,38,334,32,1,Partner,2
692,1954,Graduate,Together,36807.0,1,1,20-12-2012,88,4,2,5,0,0,5,1,1,0,2,6,0,0,60,556,16,2,Partner,2
736,1983,Graduate,Together,28427.0,1,0,21-03-2013,67,18,3,19,3,3,6,2,2,0,3,8,0,0,31,465,52,1,Partner,2
9589,1948,Postgraduate,Widow,82032.0,0,0,05-04-2014,54,332,194,377,149,125,57,0,4,6,7,1,0,0,66,85,1234,0,Alone,3
4838,1978,Graduate,Together,22775.0,1,0,19-06-2013,40,5,1,8,0,0,1,1,1,0,2,8,0,0,36,375,15,1,Partner,2
9246,1985,Postgraduate,Together,40101.0,1,0,14-10-2012,73,171,3,129,26,24,62,4,6,1,6,7,0,0,29,623,415,1,Partner,2
6261,1979,Graduate,Married,58025.0,0,1,26-11-2013,81,270,31,88,11,48,22,3,3,2,10,4,0,0,35,215,470,1,Partner,1
7366,1982,Postgraduate,Single,75777.0,0,0,04-07-2013,12,712,26,538,69,13,80,1,3,6,11,1,0,1,32,360,1438,0,Alone,3
10659,1979,Undergraduate,Together,7500.0,1,0,07-05-2013,7,2,8,11,3,8,21,4,3,2,2,7,0,0,35,418,53,1,Partner,2
1448,1963,Postgraduate,Married,33562.0,1,2,25-06-2014,33,21,12,12,0,3,3,3,2,0,4,4,0,0,51,4,51,3,Partner,2
4286,1970,Postgraduate,Single,57642.0,0,1,09-01-2014,24,580,6,58,8,0,27,3,7,6,6,4,0,0,44,171,679,1,Alone,3
4749,1968,Graduate,Together,58554.0,1,1,26-09-2012,55,368,24,68,38,0,88,6,8,2,6,7,0,0,46,641,586,2,Partner,2
4478,1979,Graduate,Married,63777.0,1,1,24-03-2013,87,457,5,106,15,17,53,8,11,1,6,8,0,0,35,462,653,2,Partner,2
4201,1962,Graduate,Single,57967.0,0,1,03-03-2013,39,229,7,137,4,0,91,5,4,2,8,5,0,0,52,483,468,1,Alone,0
8720,1978,Undergraduate,Together,51381.5,0,0,12-08-2012,53,32,2,1607,12,4,22,0,0,0,1,0,0,0,36,686,1679,0,Partner,1
10084,1972,Graduate,Married,24434.0,2,0,18-05-2014,9,3,2,8,20,0,17,2,2,1,2,7,0,0,42,42,50,2,Partner,2
7004,1984,Graduate,Single,11012.0,1,0,16-03-2013,82,24,3,26,7,1,23,3,3,1,2,9,0,0,30,470,84,1,Alone,0
9817,1970,Postgraduate,Single,44802.0,0,0,21-08-2012,71,853,10,143,13,10,20,2,9,4,12,8,0,0,44,677,1049,0,Alone,3
8080,1986,Graduate,Single,26816.0,0,0,17-08-2012,50,5,1,6,3,4,3,1,0,0,3,4,0,0,28,681,22,0,Alone,0
8372,1974,Graduate,Married,34421.0,1,0,01-07-2013,81,3,3,7,6,2,9,1,1,0,2,7,0,0,40,363,30,1,Partner,2
10870,1967,Graduate,Married,61223.0,0,1,13-06-2013,46,709,43,182,42,118,247,2,9,3,4,5,0,0,47,381,1341,1,Partner,1
4001,1946,Postgraduate,Together,64014.0,2,1,10-06-2014,56,406,0,30,0,0,8,7,8,2,5,7,0,0,68,19,444,3,Partner,2
7270,1981,Graduate,Divorced,56981.0,0,0,25-01-2014,91,908,48,217,32,12,24,1,2,3,13,6,0,0,33,155,1241,0,Alone,3
8235,1956,Postgraduate,Together,69245.0,0,1,24-01-2014,8,428,30,214,80,30,61,2,6,5,10,3,0,0,58,156,843,1,Partner,1
9405,1954,Postgraduate,Married,52869.0,1,1,15-10-2012,40,84,3,61,2,1,21,3,3,1,4,7,0,1,60,622,172,2,Partner,2
